Player,Innings Fielded,Fielding Dismissals Made,Catches Taken,Stumpings Made,Catches As A Keeper,Catches As A Fielder,Max Dismissals In An Innings,Dismissals Per Innings
EJG Morgan (2009-2017),70,31,31,0,0,31,3 (3ct 0st),0.442
AD Hales (2011-2017),47,26,26,0,0,26,2 (2ct 0st),0.553
JM Bairstow (2011-2017),23,23,23,0,3,20,2 (2ct 0st),1.000
JC Buttler (2011-2017),56,22,19,3,18,1,3 (1ct 2st),0.392
SCJ Broad (2006-2014),56,21,21,0,0,21,3 (3ct 0st),0.375
C Kieswetter (2010-2012),25,20,17,3,17,0,3 (2ct 1st),0.800
PD Collingwood (2005-2011),35,14,14,0,0,14,2 (2ct 0st),0.400
KP Pietersen (2005-2013),36,14,14,0,0,14,3 (3ct 0st),0.388
JE Root (2012-2017),25,14,14,0,0,14,2 (2ct 0st),0.560
LJ Wright (2007-2014),50,14,14,0,0,14,2 (2ct 0st),0.280
CJ Jordan (2014-2017),26,12,12,0,0,12,2 (2ct 0st),0.461
TT Bresnan (2006-2014),34,10,10,0,0,10,2 (2ct 0st),0.294
SW Billings (2015-2017),13,9,8,1,2,6,3 (2ct 1st),0.692
MJ Prior (2007-2010),10,9,6,3,6,0,4 (4ct 0st),0.900
JW Dernbach (2011-2014),33,8,8,0,0,8,2 (2ct 0st),0.242
MJ Lumb (2010-2014),26,8,8,0,0,8,1 (1ct 0st),0.307
AU Rashid (2009-2017),24,8,8,0,0,8,2 (2ct 0st),0.333
BA Stokes (2011-2017),20,8,8,0,0,8,3 (3ct 0st),0.400
DJ Willey (2015-2017),16,8,8,0,0,8,1 (1ct 0st),0.500
MH Yardy (2006-2011),14,8,8,0,0,8,2 (2ct 0st),0.571
RS Bopara (2008-2014),37,7,7,0,0,7,2 (2ct 0st),0.189
AD Mascarenhas (2007-2009),14,7,7,0,0,7,2 (2ct 0st),0.500
MM Ali (2014-2017),22,6,6,0,0,6,2 (2ct 0st),0.272
ST Finn (2011-2015),21,6,6,0,0,6,1 (1ct 0st),0.285
JS Foster (2009-2009),5,6,3,3,3,0,2 (1ct 1st),1.200
A Flintoff (2005-2007),7,5,5,0,0,5,2 (2ct 0st),0.714
OA Shah (2007-2009),17,5,5,0,0,5,2 (2ct 0st),0.294
RJ Sidebottom (2007-2010),18,5,5,0,0,5,2 (2ct 0st),0.277
GP Swann (2008-2012),39,5,5,0,0,5,1 (1ct 0st),0.128
IR Bell (2006-2014),8,4,4,0,0,4,1 (1ct 0st),0.500
LE Plunkett (2006-2017),14,4,4,0,0,4,1 (1ct 0st),0.285
JM Anderson (2007-2009),19,3,3,0,0,3,1 (1ct 0st),0.157
SM Davies (2009-2011),5,3,2,1,2,0,2 (2ct 0st),0.600
SR Patel (2011-2013),18,3,3,0,0,3,1 (1ct 0st),0.166
JJ Roy (2014-2017),23,3,3,0,0,3,1 (1ct 0st),0.130
VS Solanki (2005-2007),3,3,3,0,2,1,2 (2ct 0st),1.000
TR Ambrose (2008-2008),1,2,1,1,1,0,2 (1ct 1st),2.000
LA Dawson (2016-2017),4,2,2,0,0,2,1 (1ct 0st),0.500
GO Jones (2005-2006),2,2,2,0,2,0,1 (1ct 0st),1.000
SD Parry (2014-2015),5,2,2,0,0,2,2 (2ct 0st),0.400
JC Tredwell (2012-2014),16,2,2,0,0,2,1 (1ct 0st),0.125
ME Trescothick (2005-2006),3,2,2,0,0,2,2 (2ct 0st),0.666
SG Borthwick (2011-2011),1,1,1,0,0,1,1 (1ct 0st),1.000
DR Briggs (2012-2014),6,1,1,0,0,1,1 (1ct 0st),0.166
MA Carberry (2014-2014),1,1,1,0,0,1,1 (1ct 0st),1.000
AN Cook (2007-2009),4,1,1,0,0,1,1 (1ct 0st),0.250
TK Curran (2017-2017),3,1,1,0,0,1,1 (1ct 0st),0.333
JWM Dalrymple (2006-2007),3,1,1,0,0,1,1 (1ct 0st),0.333
JL Denly (2009-2010),5,1,1,0,0,1,1 (1ct 0st),0.200
SJ Harmison (2005-2006),2,1,1,0,0,1,1 (1ct 0st),0.500
RWT Key (2009-2009),1,1,1,0,0,1,1 (1ct 0st),1.000
J Lewis (2005-2007),2,1,1,0,0,1,1 (1ct 0st),0.500
DL Maddy (2007-2007),4,1,1,0,0,1,1 (1ct 0st),0.250
SI Mahmood (2006-2009),4,1,1,0,0,1,1 (1ct 0st),0.250
DJ Malan (2017-2017),1,1,1,0,0,1,1 (1ct 0st),1.000
SC Meaker (2012-2012),2,1,1,0,0,1,1 (1ct 0st),0.500
TS Mills (2016-2017),4,1,1,0,0,1,1 (1ct 0st),0.250
PA Nixon (2007-2007),1,1,0,1,0,0,1 (0ct 1st),1.000
CMW Read (2006-2006),1,1,1,0,1,0,1 (1ct 0st),1.000
CP Schofield (2007-2007),4,1,1,0,0,1,1 (1ct 0st),0.250
A Shahzad (2010-2011),3,1,1,0,0,1,1 (1ct 0st),0.333
JN Snape (2007-2007),1,1,1,0,0,1,1 (1ct 0st),1.000
AJ Strauss (2005-2009),4,1,1,0,0,1,1 (1ct 0st),0.250
RJW Topley (2015-2016),6,1,1,0,0,1,1 (1ct 0st),0.166
CR Woakes (2011-2015),8,1,1,0,0,1,1 (1ct 0st),0.125
GJ Batty (2009-2009),1,0,0,0,0,0,0,0.000
MS Crane (2017-2017),2,0,0,0,0,0,0,0.000
D Gough (2005-2006),2,0,0,0,0,0,0,0.000
HF Gurney (2014-2014),2,0,0,0,0,0,0,0.000
EC Joyce (2006-2007),2,0,0,0,0,0,0,0.000
A Khan (2009-2009),1,0,0,0,0,0,0,0.000
RJ Kirtley (2007-2007),1,0,0,0,0,0,0,0.000
LS Livingstone (2017-2017),2,0,0,0,0,0,0,0.000
P Mustard (2008-2008),2,0,0,0,0,0,0,0.000
MS Panesar (2007-2007),1,0,0,0,0,0,0,0.000
WB Rankin (2013-2013),1,0,0,0,0,0,0,0.000
CT Tremlett (2007-2007),1,0,0,0,0,0,0,0.000
IJL Trott (2007-2010),7,0,0,0,0,0,0,0.000
MP Vaughan (2005-2007),2,0,0,0,0,0,0,0.000
JM Vince (2015-2016),5,0,0,0,0,0,0,0.000
MA Wood (2015-2017),2,0,0,0,0,0,0,0.000
DA Warner (2009-2017),65,34,34,0,0,34,3 (3ct 0st),0.523
DJ Hussey (2008-2012),39,24,24,0,0,24,2 (2ct 0st),0.615
BJ Haddin (2006-2014),34,23,17,6,17,0,3 (3ct 0st),0.676
CL White (2007-2014),47,23,23,0,0,23,2 (2ct 0st),0.489
MEK Hussey (2005-2012),38,20,20,0,0,20,3 (3ct 0st),0.526
SR Watson (2006-2016),58,20,20,0,0,20,2 (2ct 0st),0.344
GJ Maxwell (2012-2017),38,18,18,0,0,18,2 (2ct 0st),0.473
SPD Smith (2010-2016),30,18,18,0,0,18,2 (2ct 0st),0.600
AC Gilchrist (2005-2008),13,17,17,0,17,0,4 (4ct 0st),1.307
MS Wade (2011-2016),26,15,13,2,13,0,3 (2ct 1st),0.576
MJ Clarke (2005-2010),34,13,13,0,0,13,2 (2ct 0st),0.382
TD Paine (2009-2017),10,12,10,2,10,0,3 (3ct 0st),1.200
JP Faulkner (2012-2017),24,11,11,0,0,11,2 (2ct 0st),0.458
GJ Bailey (2012-2016),29,10,10,0,0,10,2 (2ct 0st),0.344
NM Coulter-Nile (2013-2017),19,9,9,0,0,9,2 (2ct 0st),0.473
AJ Finch (2011-2017),33,8,8,0,0,8,2 (2ct 0st),0.242
RT Ponting (2005-2009),17,8,8,0,0,8,2 (2ct 0st),0.470
BR Dunk (2014-2017),5,7,5,2,4,1,3 (1ct 2st),1.400
NW Bracken (2006-2009),19,6,6,0,0,6,1 (1ct 0st),0.315
B Lee (2005-2012),25,6,6,0,0,6,3 (3ct 0st),0.240
MA Starc (2012-2016),22,6,6,0,0,6,2 (2ct 0st),0.272
DT Christian (2010-2017),16,5,5,0,0,5,2 (2ct 0st),0.312
BCJ Cutting (2013-2014),4,5,5,0,0,5,3 (3ct 0st),1.250
BJ Hodge (2007-2014),15,5,5,0,0,5,1 (1ct 0st),0.333
MG Johnson (2007-2013),30,5,5,0,0,5,1 (1ct 0st),0.166
UT Khawaja (2016-2016),9,5,5,0,0,5,1 (1ct 0st),0.555
SR Clark (2006-2007),9,4,4,0,0,4,1 (1ct 0st),0.444
PJ Cummins (2011-2017),18,4,4,0,0,4,1 (1ct 0st),0.222
AC Agar (2016-2016),2,3,3,0,0,3,2 (2ct 0st),1.500
TM Head (2016-2017),9,3,3,0,0,3,1 (1ct 0st),0.333
MC Henriques (2009-2017),11,3,3,0,0,3,1 (1ct 0st),0.272
JR Hopes (2005-2010),12,3,3,0,0,3,1 (1ct 0st),0.250
SE Marsh (2008-2016),15,3,3,0,0,3,2 (2ct 0st),0.200
JM Muirhead (2014-2014),5,3,3,0,0,3,1 (1ct 0st),0.600
PM Nevill (2016-2016),9,3,2,1,2,0,1 (1ct 0st),0.333
JL Pattinson (2011-2012),4,3,3,0,0,3,2 (2ct 0st),0.750
JA Richardson (2017-2017),2,3,3,0,0,3,2 (2ct 0st),1.500
A Symonds (2005-2009),14,3,3,0,0,3,1 (1ct 0st),0.214
SW Tait (2007-2016),21,3,3,0,0,3,1 (1ct 0st),0.142
AC Voges (2007-2013),7,3,3,0,0,3,1 (1ct 0st),0.428
SA Abbott (2014-2014),3,2,2,0,0,2,2 (2ct 0st),0.666
DE Bollinger (2011-2014),9,2,2,0,0,2,1 (1ct 0st),0.222
JW Hastings (2010-2016),9,2,2,0,0,2,1 (1ct 0st),0.222
MS Kasprowicz (2005-2005),2,2,2,0,0,2,1 (1ct 0st),1.000
SM Katich (2005-2006),3,2,2,0,0,2,1 (1ct 0st),0.666
M Klinger (2017-2017),3,2,2,0,0,2,1 (1ct 0st),0.666
CA Lynn (2014-2016),5,2,2,0,0,2,1 (1ct 0st),0.400
MR Marsh (2011-2016),9,2,2,0,0,2,1 (1ct 0st),0.222
KW Richardson (2014-2016),3,2,2,0,0,2,2 (2ct 0st),0.666
AJ Turner (2017-2017),3,2,2,0,0,2,1 (1ct 0st),0.666
CT Bancroft (2016-2016),1,1,1,0,1,0,1 (1ct 0st),1.000
JP Behrendorff (2017-2017),2,1,1,0,0,1,1 (1ct 0st),0.500
TR Birt (2010-2012),4,1,1,0,0,1,1 (1ct 0st),0.250
SM Boland (2016-2016),3,1,1,0,0,1,1 (1ct 0st),0.333
CJ Ferguson (2009-2009),3,1,1,0,0,1,1 (1ct 0st),0.333
NM Hauritz (2009-2009),3,1,1,0,0,1,1 (1ct 0st),0.333
ML Hayden (2005-2007),9,1,1,0,0,1,1 (1ct 0st),0.111
JR Hazlewood (2013-2016),7,1,1,0,0,1,1 (1ct 0st),0.142
GB Hogg (2006-2014),15,1,1,0,0,1,1 (1ct 0st),0.066
B Laughlin (2009-2013),3,1,1,0,0,1,1 (1ct 0st),0.333
ML Lewis (2006-2006),2,1,1,0,0,1,1 (1ct 0st),0.500
GD McGrath (2005-2005),2,1,1,0,0,1,1 (1ct 0st),0.500
DR Martyn (2005-2006),4,1,1,0,0,1,1 (1ct 0st),0.250
DP Nannes (2009-2010),15,1,1,0,0,1,1 (1ct 0st),0.066
"SNJ O'Keefe (2010-2011)",7,1,1,0,0,1,1 (1ct 0st),0.142
CJ Boyce (2014-2016),7,0,0,0,0,0,0,0.000
XJ Doherty (2012-2013),11,0,0,0,0,0,0,0.000
Fawad Ahmed (2013-2013),2,0,0,0,0,0,0,0.000
B Geeves (2009-2009),1,0,0,0,0,0,0,0.000
JN Gillespie (2005-2005),1,0,0,0,0,0,0,0.000
RJ Harris (2010-2010),3,0,0,0,0,0,0,0.000
SM Harwood (2007-2009),3,0,0,0,0,0,0,0.000
BW Hilfenhaus (2007-2012),7,0,0,0,0,0,0,0.000
PJ Hughes (2014-2014),1,0,0,0,0,0,0,0.000
NM Lyon (2016-2016),1,0,0,0,0,0,0,0.000
CJ McKay (2010-2013),6,0,0,0,0,0,0,0.000
NJ Maddinson (2013-2014),2,0,0,0,0,0,0,0.000
AA Noffke (2007-2008),2,0,0,0,0,0,0,0.000
MJ North (2009-2009),1,0,0,0,0,0,0,0.000
LA Pomersbach (2007-2007),1,0,0,0,0,0,0,0.000
NJ Reardon (2014-2014),2,0,0,0,0,0,0,0.000
BJ Rohrer (2013-2013),1,0,0,0,0,0,0,0.000
L Ronchi (2008-2009),3,0,0,0,0,0,0,0.000
PM Siddle (2009-2010),2,0,0,0,0,0,0,0.000
B Stanlake (2017-2017),1,0,0,0,0,0,0,0.000
MP Stoinis (2015-2017),2,0,0,0,0,0,0,0.000
AJ Tye (2016-2017),7,0,0,0,0,0,0,0.000
A Zampa (2016-2017),12,0,0,0,0,0,0,0.000
AB de Villiers (2006-2017),78,72,65,7,21,44,4 (4ct 0st),0.923
Q de Kock (2012-2017),31,39,30,9,30,0,4 (3ct 1st),1.258
JP Duminy (2007-2017),73,34,34,0,0,34,2 (2ct 0st),0.465
DA Miller (2010-2017),54,34,34,0,0,34,3 (3ct 0st),0.629
MV Boucher (2005-2010),25,19,18,1,18,0,3 (3ct 0st),0.760
HM Amla (2009-2017),40,18,18,0,0,18,2 (2ct 0st),0.450
F du Plessis (2012-2017),36,18,18,0,0,18,2 (2ct 0st),0.500
GC Smith (2005-2011),33,18,18,0,0,18,2 (2ct 0st),0.545
J Botha (2006-2012),40,17,17,0,0,17,2 (2ct 0st),0.425
JA Morkel (2005-2015),50,17,17,0,0,17,2 (2ct 0st),0.340
F Behardien (2012-2017),34,11,11,0,0,11,2 (2ct 0st),0.323
DW Steyn (2007-2016),42,11,11,0,0,11,1 (1ct 0st),0.261
JL Ontong (2008-2015),14,10,10,0,0,10,3 (3ct 0st),0.714
RJ Peterson (2006-2014),21,10,10,0,0,10,2 (2ct 0st),0.476
RR Rossouw (2014-2016),15,9,9,0,0,9,3 (3ct 0st),0.600
D Wiese (2013-2016),20,9,9,0,0,9,2 (2ct 0st),0.450
HH Gibbs (2005-2010),23,8,8,0,0,8,3 (3ct 0st),0.347
M Mosehle (2017-2017),7,8,6,2,6,0,3 (2ct 1st),1.142
KJ Abbott (2013-2016),21,7,7,0,0,7,2 (2ct 0st),0.333
JH Kallis (2005-2012),25,7,7,0,0,7,2 (2ct 0st),0.280
RE van der Merwe (2009-2010),13,6,6,0,0,6,1 (1ct 0st),0.461
MN van Wyk (2007-2015),8,6,5,1,3,2,1 (1ct 0st),0.750
Imran Tahir (2013-2017),33,5,5,0,0,5,1 (1ct 0st),0.151
HG Kuhn (2009-2017),7,5,5,0,4,1,3 (3ct 0st),0.714
M Morkel (2007-2017),41,5,5,0,0,5,1 (1ct 0st),0.121
CH Morris (2012-2017),14,5,5,0,0,5,2 (2ct 0st),0.357
WD Parnell (2009-2017),40,5,5,0,0,5,1 (1ct 0st),0.125
RE Levi (2012-2012),13,4,4,0,0,4,1 (1ct 0st),0.307
RR Hendricks (2014-2017),9,3,3,0,0,3,1 (1ct 0st),0.333
JM Kemp (2005-2007),8,3,3,0,0,3,1 (1ct 0st),0.375
R McLaren (2009-2014),12,3,3,0,0,3,1 (1ct 0st),0.250
TB de Bruyn (2017-2017),2,2,2,0,0,2,2 (2ct 0st),1.000
BE Hendricks (2014-2017),7,2,2,0,0,2,2 (2ct 0st),0.285
CA Ingram (2010-2012),9,2,2,0,0,2,1 (1ct 0st),0.222
M Ntini (2005-2011),10,2,2,0,0,2,1 (1ct 0st),0.200
SM Pollock (2005-2008),12,2,2,0,0,2,1 (1ct 0st),0.166
K Rabada (2014-2016),16,2,2,0,0,2,1 (1ct 0st),0.125
J Theron (2010-2012),9,2,2,0,0,2,1 (1ct 0st),0.222
LE Bosman (2006-2010),14,1,1,0,0,1,1 (1ct 0st),0.071
M de Lange (2012-2015),6,1,1,0,0,1,1 (1ct 0st),0.166
R Frylinck (2017-2017),2,1,1,0,0,1,1 (1ct 0st),0.500
RK Kleinveldt (2008-2013),6,1,1,0,0,1,1 (1ct 0st),0.166
CK Langeveldt (2005-2010),9,1,1,0,0,1,1 (1ct 0st),0.111
A Nel (2005-2007),2,1,1,0,0,1,1 (1ct 0st),0.500
D Paterson (2017-2017),5,1,1,0,0,1,1 (1ct 0st),0.200
AN Petersen (2010-2010),2,1,1,0,0,1,1 (1ct 0st),0.500
AL Phehlukwayo (2017-2017),9,1,1,0,0,1,1 (1ct 0st),0.111
VD Philander (2007-2007),7,1,1,0,0,1,1 (1ct 0st),0.142
JT Smuts (2017-2017),6,1,1,0,0,1,1 (1ct 0st),0.166
LL Tsotsobe (2009-2014),23,1,1,0,0,1,1 (1ct 0st),0.043
YA Abdulla (2009-2009),2,0,0,0,0,0,0,0.000
GH Bodi (2007-2007),1,0,0,0,0,0,0,0.000
N Boje (2005-2005),1,0,0,0,0,0,0,0.000
H Davids (2012-2013),9,0,0,0,0,0,0,0.000
HH Dippenaar (2006-2006),1,0,0,0,0,0,0,0.000
AJ Hall (2006-2006),2,0,0,0,0,0,0,0.000
T Henderson (2006-2006),1,0,0,0,0,0,0,0.000
GJP Kruger (2006-2006),1,0,0,0,0,0,0,0.000
E Leie (2015-2015),2,0,0,0,0,0,0,0.000
J Louw (2008-2009),2,0,0,0,0,0,0,0.000
ND McKenzie (2006-2009),2,0,0,0,0,0,0,0.000
L Ngidi (2017-2017),3,0,0,0,0,0,0,0.000
AM Phangiso (2012-2017),15,0,0,0,0,0,0,0.000
D Pretorius (2017-2017),2,0,0,0,0,0,0,0.000
AG Prince (2005-2005),1,0,0,0,0,0,0,0.000
JA Rudolph (2006-2006),1,0,0,0,0,0,0,0.000
T Shamsi (2017-2017),2,0,0,0,0,0,0,0.000
R Telemachus (2006-2007),3,0,0,0,0,0,0,0.000
AC Thomas (2007-2007),1,0,0,0,0,0,0,0.000
JJ van der Wath (2006-2007),8,0,0,0,0,0,0,0.000
VB van Jaarsveld (2009-2009),3,0,0,0,0,0,0,0.000
DJ Vilas (2012-2012),1,0,0,0,0,0,0,0.000
M Zondeki (2006-2006),1,0,0,0,0,0,0,0.000
D Ramdin (2006-2016),58,51,32,19,32,0,4 (0ct 4st),0.879
DJ Bravo (2006-2016),66,35,35,0,0,35,3 (3ct 0st),0.530
DJG Sammy (2007-2016),66,30,30,0,0,30,4 (4ct 0st),0.454
KA Pollard (2008-2017),56,25,25,0,0,25,2 (2ct 0st),0.446
ADS Fletcher (2008-2016),32,20,19,1,10,9,3 (2ct 1st),0.625
LMP Simmons (2007-2017),45,19,19,0,1,18,3 (3ct 0st),0.422
CH Gayle (2006-2017),52,14,14,0,0,14,1 (1ct 0st),0.269
J Charles (2011-2016),34,12,10,2,0,10,2 (2ct 0st),0.352
MN Samuels (2007-2017),60,12,12,0,0,12,2 (2ct 0st),0.200
CAK Walton (2014-2017),12,11,9,2,8,1,3 (3ct 0st),0.916
SJ Benn (2008-2016),24,10,10,0,0,10,3 (3ct 0st),0.416
AD Russell (2011-2016),43,10,10,0,0,10,2 (2ct 0st),0.232
DR Smith (2006-2015),33,8,8,0,0,8,1 (1ct 0st),0.242
JE Taylor (2006-2017),28,8,8,0,0,8,1 (1ct 0st),0.285
S Badree (2012-2017),40,7,7,0,0,7,2 (2ct 0st),0.175
S Chanderpaul (2006-2010),22,7,7,0,0,7,1 (1ct 0st),0.318
SP Narine (2012-2017),48,7,7,0,0,7,2 (2ct 0st),0.145
RR Sarwan (2007-2010),18,7,7,0,0,7,1 (1ct 0st),0.388
CR Brathwaite (2011-2017),22,6,6,0,0,6,2 (2ct 0st),0.272
FH Edwards (2007-2012),20,5,5,0,0,5,1 (1ct 0st),0.250
E Lewis (2016-2017),14,5,5,0,0,5,2 (2ct 0st),0.357
DP Hyatt (2011-2012),5,4,4,0,0,4,1 (1ct 0st),0.800
R Powell (2017-2017),7,4,4,0,0,4,2 (2ct 0st),0.571
JO Holder (2014-2017),8,3,3,0,0,3,2 (2ct 0st),0.375
XM Marshall (2008-2009),6,3,3,0,0,3,1 (1ct 0st),0.500
KOK Williams (2016-2017),10,3,3,0,0,3,1 (1ct 0st),0.300
CD Barnwell (2011-2013),6,2,2,0,0,2,1 (1ct 0st),0.333
DM Bravo (2010-2014),12,2,2,0,0,2,2 (2ct 0st),0.166
N Deonarine (2010-2013),8,2,2,0,0,2,2 (2ct 0st),0.250
A Martin (2011-2011),1,2,2,0,0,2,2 (2ct 0st),2.000
NO Miller (2009-2014),9,2,2,0,0,2,1 (1ct 0st),0.222
RS Morton (2006-2010),7,2,2,0,0,2,1 (1ct 0st),0.285
DBL Powell (2007-2007),5,2,2,0,0,2,1 (1ct 0st),0.400
R Rampaul (2007-2015),23,2,2,0,0,2,1 (1ct 0st),0.086
AB Barath (2010-2011),2,1,1,0,0,1,1 (1ct 0st),0.500
IDR Bradshaw (2006-2006),1,1,1,0,0,1,1 (1ct 0st),1.000
DK Butler (2006-2006),1,1,1,0,0,1,1 (1ct 0st),1.000
SS Cottrell (2014-2015),6,1,1,0,0,1,1 (1ct 0st),0.166
SE Findlay (2008-2008),2,1,1,0,0,1,1 (1ct 0st),0.500
ST Gabriel (2013-2013),2,1,1,0,0,1,1 (1ct 0st),0.500
WW Hinds (2006-2010),5,1,1,0,0,1,1 (1ct 0st),0.200
RN Lewis (2008-2008),1,1,1,0,0,1,1 (1ct 0st),1.000
GE Mathurin (2011-2012),3,1,1,0,0,1,1 (1ct 0st),0.333
AR Nurse (2011-2017),5,1,1,0,0,1,1 (1ct 0st),0.200
WKD Perkins (2008-2008),1,1,1,0,0,1,1 (1ct 0st),1.000
KOA Powell (2014-2014),1,1,1,0,0,1,1 (1ct 0st),1.000
FL Reifer (2009-2009),1,1,1,0,0,1,1 (1ct 0st),1.000
KAJ Roach (2008-2012),11,1,1,0,0,1,1 (1ct 0st),0.090
K Santokie (2011-2014),12,1,1,0,0,1,1 (1ct 0st),0.083
DS Smith (2007-2009),6,1,1,0,0,1,1 (1ct 0st),0.166
DC Thomas (2009-2013),3,1,0,1,0,0,1 (0ct 1st),0.333
GC Tonge (2009-2009),1,1,1,0,0,1,1 (1ct 0st),1.000
LS Baker (2008-2009),3,0,0,0,0,0,0,0.000
MC Bascombe (2011-2011),1,0,0,0,0,0,0,0.000
CS Baugh (2008-2012),3,0,0,0,0,0,0,0.000
DE Bernard (2009-2009),1,0,0,0,0,0,0,0.000
TL Best (2013-2014),6,0,0,0,0,0,0,0.000
D Bishoo (2011-2015),5,0,0,0,0,0,0,0.000
NE Bonner (2011-2012),2,0,0,0,0,0,0,0.000
DO Christian (2011-2011),2,0,0,0,0,0,0,0.000
TM Dowlin (2009-2010),2,0,0,0,0,0,0,0.000
D Ganga (2006-2006),1,0,0,0,0,0,0,0.000
JN Mohammed (2017-2017),5,0,0,0,0,0,0,0.000
BA Parchment (2007-2007),1,0,0,0,0,0,0,0.000
N Pooran (2016-2016),3,0,0,0,0,0,0,0.000
ACL Richards (2007-2007),1,0,0,0,0,0,0,0.000
DM Richards (2009-2009),1,0,0,0,0,0,0,0.000
BB McCullum (2005-2015),71,44,36,8,24,12,3 (3ct 0st),0.619
LRPL Taylor (2006-2016),73,42,42,0,0,42,3 (3ct 0st),0.575
MJ Guptill (2009-2017),64,36,36,0,0,36,3 (3ct 0st),0.562
L Ronchi (2013-2017),29,29,24,5,24,0,3 (3ct 0st),1.000
NL McCullum (2007-2016),63,26,26,0,0,26,3 (3ct 0st),0.412
KS Williamson (2011-2017),42,20,20,0,0,20,3 (3ct 0st),0.476
CJ Anderson (2012-2017),29,18,18,0,0,18,4 (4ct 0st),0.620
TG Southee (2008-2017),41,16,16,0,0,16,2 (2ct 0st),0.390
JEC Franklin (2006-2013),38,13,13,0,0,13,2 (2ct 0st),0.342
JDP Oram (2005-2012),36,12,12,0,0,12,2 (2ct 0st),0.333
TA Boult (2013-2017),17,10,10,0,0,10,3 (3ct 0st),0.588
MJ Santner (2015-2017),17,10,10,0,0,10,2 (2ct 0st),0.588
PD McGlashan (2006-2010),11,9,9,0,9,0,3 (3ct 0st),0.818
DL Vettori (2007-2014),34,9,9,0,0,9,2 (2ct 0st),0.264
KD Mills (2005-2014),42,8,8,0,0,8,1 (1ct 0st),0.190
C Munro (2012-2017),35,8,8,0,0,8,2 (2ct 0st),0.228
SB Styris (2005-2010),31,8,8,0,0,8,2 (2ct 0st),0.258
MJ McClenaghan (2012-2016),28,7,7,0,0,7,1 (1ct 0st),0.250
JDS Neesham (2012-2017),15,7,7,0,0,7,2 (2ct 0st),0.466
JD Ryder (2008-2014),22,7,7,0,0,7,2 (2ct 0st),0.318
C de Grandhomme (2012-2017),11,6,6,0,0,6,2 (2ct 0st),0.545
GJ Hopkins (2007-2010),10,6,4,2,2,2,2 (2ct 0st),0.600
TWM Latham (2012-2017),13,6,6,0,4,2,3 (3ct 0st),0.461
DAJ Bracewell (2011-2015),14,5,5,0,0,5,1 (1ct 0st),0.357
AF Milne (2010-2017),19,5,5,0,0,5,1 (1ct 0st),0.263
RJ Nicol (2010-2013),21,5,5,0,0,5,2 (2ct 0st),0.238
SE Bond (2005-2010),20,4,4,0,0,4,1 (1ct 0st),0.200
NT Broom (2009-2017),11,4,4,0,0,4,1 (1ct 0st),0.363
TC Bruce (2017-2017),7,4,4,0,1,3,2 (2ct 0st),0.571
GD Elliott (2009-2016),16,4,4,0,0,4,2 (2ct 0st),0.250
PG Fulton (2006-2012),12,4,4,0,0,4,1 (1ct 0st),0.333
JS Patel (2005-2008),11,4,4,0,0,4,1 (1ct 0st),0.363
IS Sodhi (2014-2017),15,4,4,0,0,4,1 (1ct 0st),0.266
NJ Astle (2005-2006),4,3,3,0,0,3,2 (2ct 0st),0.750
DG Brownlie (2010-2014),5,3,3,0,0,3,1 (1ct 0st),0.600
IG Butler (2009-2013),19,3,3,0,0,3,1 (1ct 0st),0.157
CD McMillan (2005-2007),8,3,3,0,0,3,2 (2ct 0st),0.375
AJ Redmond (2009-2010),7,3,3,0,0,3,2 (2ct 0st),0.428
BJ Watling (2009-2014),5,3,3,0,2,1,1 (1ct 0st),0.600
TD Astle (2016-2016),2,2,2,0,0,2,1 (1ct 0st),1.000
AP Devcich (2013-2014),4,2,2,0,0,2,2 (2ct 0st),0.500
SP Fleming (2005-2006),5,2,2,0,0,2,1 (1ct 0st),0.400
DR Flynn (2008-2012),5,2,2,0,0,2,1 (1ct 0st),0.400
RM Hira (2012-2013),15,2,2,0,0,2,1 (1ct 0st),0.133
GD Phillips (2017-2017),3,2,2,0,2,0,2 (2ct 0st),0.666
AR Adams (2005-2006),4,1,1,0,0,1,1 (1ct 0st),0.250
GW Aldridge (2011-2011),1,1,1,0,0,1,1 (1ct 0st),1.000
CL Cairns (2005-2006),2,1,1,0,0,1,1 (1ct 0st),0.500
MR Gillespie (2006-2008),11,1,1,0,0,1,1 (1ct 0st),0.090
MJ Henry (2014-2017),6,1,1,0,0,1,1 (1ct 0st),0.166
JM How (2007-2008),5,1,1,0,0,1,1 (1ct 0st),0.200
PJ Ingram (2010-2010),3,1,1,0,0,1,1 (1ct 0st),0.333
HJH Marshall (2005-2006),3,1,1,0,0,1,1 (1ct 0st),0.333
CS Martin (2007-2008),6,1,1,0,0,1,1 (1ct 0st),0.166
HD Rutherford (2013-2013),7,1,1,0,0,1,1 (1ct 0st),0.142
L Vincent (2006-2007),9,1,1,0,0,1,1 (1ct 0st),0.111
BM Wheeler (2017-2017),4,1,1,0,0,1,1 (1ct 0st),0.250
LJ Woodcock (2010-2011),3,1,1,0,0,1,1 (1ct 0st),0.333
GH Worker (2015-2015),2,1,1,0,0,1,1 (1ct 0st),0.500
MD Bates (2012-2012),3,0,0,0,0,0,0,0.000
TA Blundell (2017-2017),1,0,0,0,0,0,0,0.000
BJ Diamanti (2009-2009),1,0,0,0,0,0,0,0.000
AM Ellis (2012-2013),5,0,0,0,0,0,0,0.000
LH Ferguson (2017-2017),1,0,0,0,0,0,0,0.000
PA Hitchcock (2008-2008),1,0,0,0,0,0,0,0.000
AJ McKay (2010-2010),2,0,0,0,0,0,0,0.000
JAH Marshall (2005-2008),3,0,0,0,0,0,0,0.000
MJ Mason (2006-2008),3,0,0,0,0,0,0,0.000
HM Nicholls (2016-2017),4,0,0,0,0,0,0,0.000
"IE O'Brien (2009-2009)",4,0,0,0,0,0,0,0.000
MS Sinclair (2005-2007),2,0,0,0,0,0,0,0.000
EP Thompson (2008-2008),1,0,0,0,0,0,0,0.000
DR Tuffey (2005-2010),3,0,0,0,0,0,0,0.000
JW Wilson (2005-2005),1,0,0,0,0,0,0,0.000
MS Dhoni (2006-2017),82,70,45,25,45,0,4 (4ct 0st),0.853
SK Raina (2006-2017),65,32,32,0,0,32,3 (3ct 0st),0.492
V Kohli (2010-2017),55,27,27,0,0,27,3 (3ct 0st),0.490
RG Sharma (2007-2017),68,25,25,0,0,25,3 (3ct 0st),0.367
RA Jadeja (2009-2017),40,18,18,0,0,18,2 (2ct 0st),0.450
AM Rahane (2011-2016),20,16,16,0,0,16,4 (4ct 0st),0.800
HH Pandya (2016-2017),24,13,13,0,0,13,1 (1ct 0st),0.541
Yuvraj Singh (2007-2017),57,12,12,0,0,12,2 (2ct 0st),0.210
G Gambhir (2007-2012),36,11,11,0,0,11,2 (2ct 0st),0.305
YK Pathan (2007-2012),22,9,9,0,0,9,2 (2ct 0st),0.409
R Ashwin (2010-2017),46,8,8,0,0,8,1 (1ct 0st),0.173
S Dhawan (2011-2017),28,7,7,0,0,7,2 (2ct 0st),0.250
Harbhajan Singh (2006-2016),27,7,7,0,0,7,2 (2ct 0st),0.259
KD Karthik (2006-2017),9,7,5,2,0,5,3 (1ct 2st),0.777
JJ Bumrah (2016-2017),30,4,4,0,0,4,1 (1ct 0st),0.133
A Nehra (2009-2017),27,4,4,0,0,4,1 (1ct 0st),0.148
AR Patel (2015-2017),10,4,4,0,0,4,2 (2ct 0st),0.400
AT Rayudu (2014-2016),6,4,4,0,0,4,2 (2ct 0st),0.666
I Sharma (2008-2013),14,4,4,0,0,4,1 (1ct 0st),0.285
B Kumar (2012-2017),23,3,3,0,0,3,1 (1ct 0st),0.130
M Vijay (2010-2015),9,3,3,0,0,3,1 (1ct 0st),0.333
YS Chahal (2016-2017),12,2,2,0,0,2,2 (2ct 0st),0.166
PP Chawla (2010-2012),7,2,2,0,0,2,2 (2ct 0st),0.285
R Dhawan (2016-2016),1,2,2,0,0,2,2 (2ct 0st),2.000
Joginder Sharma (2007-2007),4,2,2,0,0,2,1 (1ct 0st),0.500
Z Khan (2006-2012),17,2,2,0,0,2,1 (1ct 0st),0.117
P Negi (2016-2016),1,2,2,0,0,2,2 (2ct 0st),2.000
IK Pathan (2006-2012),23,2,2,0,0,2,1 (1ct 0st),0.086
V Sehwag (2006-2012),18,2,2,0,0,2,1 (1ct 0st),0.111
RP Singh (2007-2009),9,2,2,0,0,2,1 (1ct 0st),0.222
S Sreesanth (2006-2008),9,2,2,0,0,2,2 (2ct 0st),0.222
MK Tiwary (2011-2012),3,2,2,0,0,2,2 (2ct 0st),0.666
RV Uthappa (2007-2015),12,2,2,0,1,1,1 (1ct 0st),0.166
AB Dinda (2009-2012),9,1,1,0,0,1,1 (1ct 0st),0.111
SS Iyer (2017-2017),3,1,1,0,0,1,1 (1ct 0st),0.333
KM Jadhav (2015-2017),9,1,1,0,0,1,1 (1ct 0st),0.111
P Kumar (2008-2012),10,1,1,0,0,1,1 (1ct 0st),0.100
Mandeep Singh (2016-2016),3,1,1,0,0,1,1 (1ct 0st),0.333
A Mishra (2010-2017),10,1,1,0,0,1,1 (1ct 0st),0.100
D Mongia (2006-2006),1,1,1,0,0,1,1 (1ct 0st),1.000
PP Ojha (2009-2010),6,1,1,0,0,1,1 (1ct 0st),0.166
MK Pandey (2015-2017),12,1,1,0,0,1,1 (1ct 0st),0.083
RR Pant (2017-2017),2,1,1,0,0,1,1 (1ct 0st),0.500
PA Patel (2011-2011),2,1,1,0,1,0,1 (1ct 0st),0.500
KL Rahul (2016-2017),9,1,1,0,0,1,1 (1ct 0st),0.111
SV Samson (2015-2015),1,1,1,0,0,1,1 (1ct 0st),1.000
MM Sharma (2014-2015),8,1,1,0,0,1,1 (1ct 0st),0.125
SR Tendulkar (2006-2006),1,1,1,0,0,1,1 (1ct 0st),1.000
S Tyagi (2009-2009),1,1,1,0,0,1,1 (1ct 0st),1.000
R Vinay Kumar (2010-2013),9,1,1,0,0,1,1 (1ct 0st),0.111
AB Agarkar (2006-2007),3,0,0,0,0,0,0,0.000
S Aravind (2015-2015),1,0,0,0,0,0,0,0.000
P Awana (2012-2012),2,0,0,0,0,0,0,0.000
S Badrinath (2011-2011),1,0,0,0,0,0,0,0.000
L Balaji (2012-2012),5,0,0,0,0,0,0,0.000
STR Binny (2015-2016),3,0,0,0,0,0,0,0.000
R Dravid (2011-2011),1,0,0,0,0,0,0,0.000
M Kartik (2007-2007),1,0,0,0,0,0,0,0.000
Kuldeep Yadav (2017-2017),5,0,0,0,0,0,0,0.000
DS Kulkarni (2016-2016),2,0,0,0,0,0,0,0.000
Mohammed Shami (2014-2017),7,0,0,0,0,0,0,0.000
Mohammed Siraj (2017-2017),1,0,0,0,0,0,0,0.000
NV Ojha (2010-2010),2,0,0,0,0,0,0,0.000
Parvez Rasool (2017-2017),1,0,0,0,0,0,0,0.000
MM Patel (2011-2011),3,0,0,0,0,0,0,0.000
Sandeep Sharma (2015-2015),2,0,0,0,0,0,0,0.000
KV Sharma (2014-2014),1,0,0,0,0,0,0,0.000
R Sharma (2012-2012),2,0,0,0,0,0,0,0.000
BB Sran (2016-2016),2,0,0,0,0,0,0,0.000
JD Unadkat (2016-2016),1,0,0,0,0,0,0,0.000
UT Yadav (2012-2012),1,0,0,0,0,0,0,0.000
Kamran Akmal (2006-2017),58,60,28,32,28,0,4 (0ct 4st),1.034
Umar Akmal (2009-2016),82,51,49,2,11,38,3 (3ct 0st),0.621
Shoaib Malik (2006-2017),92,37,37,0,0,37,2 (2ct 0st),0.402
Shahid Afridi (2006-2016),98,30,30,0,0,30,3 (3ct 0st),0.306
Mohammad Hafeez (2006-2017),81,24,24,0,0,24,2 (2ct 0st),0.296
Sarfraz Ahmed (2010-2017),35,22,17,5,17,0,3 (3ct 0st),0.628
Umar Gul (2007-2016),60,18,18,0,0,18,2 (2ct 0st),0.300
Ahmed Shehzad (2009-2017),53,14,14,0,0,14,2 (2ct 0st),0.264
Misbah-ul-Haq (2007-2012),39,14,14,0,0,14,2 (2ct 0st),0.358
Saeed Ajmal (2009-2015),64,12,12,0,0,12,2 (2ct 0st),0.187
Younis Khan (2006-2010),25,12,12,0,0,12,2 (2ct 0st),0.480
Imran Nazir (2007-2012),25,11,11,0,0,11,2 (2ct 0st),0.440
Imad Wasim (2015-2017),25,10,10,0,0,10,2 (2ct 0st),0.400
Fawad Alam (2007-2010),24,7,7,0,0,7,2 (2ct 0st),0.291
Sohail Tanvir (2007-2017),57,7,7,0,0,7,1 (1ct 0st),0.122
Abdur Rehman (2007-2013),8,6,6,0,0,6,2 (2ct 0st),0.750
Babar Azam (2016-2017),14,6,6,0,0,6,2 (2ct 0st),0.428
Nasir Jamshed (2012-2013),18,6,6,0,0,6,2 (2ct 0st),0.333
Anwar Ali (2008-2016),16,5,5,0,0,5,2 (2ct 0st),0.312
Sharjeel Khan (2013-2016),15,5,5,0,0,5,2 (2ct 0st),0.333
Wahab Riaz (2008-2017),27,5,5,0,0,5,1 (1ct 0st),0.185
Khalid Latif (2008-2016),13,4,4,0,0,4,1 (1ct 0st),0.307
Mohammad Amir (2009-2017),32,4,4,0,0,4,1 (1ct 0st),0.125
Sohaib Maqsood (2013-2016),20,4,4,0,0,4,1 (1ct 0st),0.200
Yasir Shah (2011-2011),2,4,4,0,0,4,3 (3ct 0st),2.000
Asad Shafiq (2010-2012),10,3,3,0,0,3,1 (1ct 0st),0.300
Hasan Ali (2016-2017),12,3,3,0,0,3,1 (1ct 0st),0.250
Imran Farhat (2010-2011),7,3,3,0,0,3,1 (1ct 0st),0.428
Imran Khan (1) (2015-2015),3,3,3,0,0,3,2 (2ct 0st),1.000
Mohammad Asif (2006-2010),11,3,3,0,0,3,1 (1ct 0st),0.272
Mohammad Nawaz (3) (2016-2017),7,3,3,0,0,3,1 (1ct 0st),0.428
Mohammad Rizwan (2015-2016),10,3,2,1,2,0,2 (2ct 0st),0.300
Mohammad Sami (2010-2016),13,3,3,0,0,3,1 (1ct 0st),0.230
Salman Butt (2007-2010),24,3,3,0,0,3,1 (1ct 0st),0.125
Shahzaib Hasan (2009-2010),10,3,3,0,0,3,2 (2ct 0st),0.300
Umar Amin (2013-2017),11,3,3,0,0,3,1 (1ct 0st),0.272
Abdul Razzaq (2006-2013),32,2,2,0,0,2,1 (1ct 0st),0.062
Hammad Azam (2012-2013),5,2,2,0,0,2,1 (1ct 0st),0.400
Mansoor Amjad (2008-2008),1,2,2,0,0,2,2 (2ct 0st),2.000
Mohammad Salman (2011-2011),1,2,1,1,1,0,2 (1ct 1st),2.000
Mukhtar Ahmed (2015-2015),6,2,2,0,0,2,1 (1ct 0st),0.333
Naved-ul-Hasan (2006-2010),4,2,2,0,0,2,1 (1ct 0st),0.500
Raza Hasan (2012-2014),10,2,2,0,0,2,1 (1ct 0st),0.200
Shadab Khan (2017-2017),10,2,2,0,0,2,1 (1ct 0st),0.200
Shakeel Ansar (2012-2012),2,2,1,1,1,0,2 (1ct 1st),1.000
Shoaib Akhtar (2006-2010),15,2,2,0,0,2,1 (1ct 0st),0.133
Bilawal Bhatti (2013-2015),9,1,1,0,0,1,1 (1ct 0st),0.111
Faheem Ashraf (2017-2017),4,1,1,0,0,1,1 (1ct 0st),0.250
Fakhar Zaman (2017-2017),9,1,1,0,0,1,1 (1ct 0st),0.111
Haris Sohail (2013-2015),4,1,1,0,0,1,1 (1ct 0st),0.250
Mohammad Irfan (2012-2016),20,1,1,0,0,1,1 (1ct 0st),0.050
Mohammad Yousuf (2006-2010),3,1,1,0,0,1,1 (1ct 0st),0.333
Rumman Raees (2016-2017),5,1,1,0,0,1,1 (1ct 0st),0.200
Saad Nasim (2014-2014),3,1,1,0,0,1,1 (1ct 0st),0.333
Shoaib Khan jnr (2008-2008),4,1,1,0,0,1,1 (1ct 0st),0.250
Usman Khan (2013-2017),6,1,1,0,0,1,1 (1ct 0st),0.166
Yasir Arafat (2007-2012),13,1,1,0,0,1,1 (1ct 0st),0.076
Zulfiqar Babar (2013-2014),7,1,1,0,0,1,1 (1ct 0st),0.142
Zulqarnain Haider (2007-2010),3,1,0,1,0,0,1 (0ct 1st),0.333
Aamer Yamin (2015-2015),1,0,0,0,0,0,0,0.000
Abdur Rauf (2008-2008),1,0,0,0,0,0,0,0.000
Aizaz Cheema (2011-2012),5,0,0,0,0,0,0,0.000
Asad Ali (2013-2013),2,0,0,0,0,0,0,0.000
Awais Zia (2012-2014),5,0,0,0,0,0,0,0.000
Iftikhar Ahmed (2016-2016),1,0,0,0,0,0,0,0.000
Iftikhar Anjum (2007-2009),2,0,0,0,0,0,0,0.000
Inzamam-ul-Haq (2006-2006),1,0,0,0,0,0,0,0.000
Junaid Khan (2011-2014),9,0,0,0,0,0,0,0.000
Khurram Manzoor (2016-2016),3,0,0,0,0,0,0,0.000
Nauman Anwar (2015-2015),1,0,0,0,0,0,0,0.000
Rafatullah Mohmand (2015-2015),3,0,0,0,0,0,0,0.000
Rameez Raja (2) (2011-2011),2,0,0,0,0,0,0,0.000
Shabbir Ahmed (2007-2007),1,0,0,0,0,0,0,0.000
Sohail Khan (2008-2017),5,0,0,0,0,0,0,0.000
Tanvir Ahmed (2010-2010),1,0,0,0,0,0,0,0.000
KC Sangakkara (2006-2014),56,45,25,20,25,0,3 (2ct 1st),0.803
TM Dilshan (2006-2016),80,33,31,2,5,26,2 (2ct 0st),0.412
LD Chandimal (2010-2017),48,32,28,4,12,16,4 (4ct 0st),0.666
AD Mathews (2009-2017),69,23,23,0,0,23,2 (2ct 0st),0.333
NLTC Perera (2010-2017),60,21,21,0,0,21,2 (2ct 0st),0.350
SL Malinga (2006-2017),68,18,18,0,0,18,2 (2ct 0st),0.264
DPMD Jayawardene (2006-2014),55,17,17,0,0,17,2 (2ct 0st),0.309
CK Kapugedera (2006-2017),43,17,17,0,0,17,3 (3ct 0st),0.395
KMDN Kulasekara (2008-2017),58,17,17,0,0,17,2 (2ct 0st),0.293
J Mubarak (2007-2009),16,9,9,0,0,9,2 (2ct 0st),0.562
MDKJ Perera (2013-2017),27,9,7,2,2,5,2 (1ct 1st),0.333
HDRL Thirimanne (2012-2016),26,8,8,0,0,8,1 (1ct 0st),0.307
BAW Mendis (2008-2014),39,6,6,0,0,6,1 (1ct 0st),0.153
TAM Siriwardana (2015-2017),22,6,6,0,0,6,2 (2ct 0st),0.272
PVD Chameera (2015-2016),13,5,5,0,0,5,2 (2ct 0st),0.384
DAS Gunaratne (2016-2017),9,5,5,0,0,5,2 (2ct 0st),0.555
LPC Silva (2006-2011),16,5,5,0,0,5,1 (1ct 0st),0.312
ST Jayasuriya (2006-2011),31,4,4,0,0,4,1 (1ct 0st),0.129
SHT Kandamby (2008-2011),5,4,4,0,0,4,2 (2ct 0st),0.800
BMAJ Mendis (2011-2013),16,4,4,0,0,4,2 (2ct 0st),0.250
S Prasanna (2013-2017),20,4,4,0,0,4,2 (2ct 0st),0.200
K Weeraratne (2008-2009),5,4,4,0,0,4,2 (2ct 0st),0.800
N Dickwella (2016-2017),9,3,3,0,3,0,2 (2ct 0st),0.333
CRD Fernando (2006-2016),18,3,3,0,0,3,1 (1ct 0st),0.166
MD Gunathilaka (2016-2017),8,3,3,0,0,3,1 (1ct 0st),0.375
RAS Lakmal (2011-2017),9,3,3,0,0,3,1 (1ct 0st),0.333
S Samarawickrama (2017-2017),3,3,2,1,2,0,2 (1ct 1st),1.000
SMSM Senanayake (2012-2016),24,3,3,0,0,3,1 (1ct 0st),0.125
MD Shanaka (2015-2017),16,3,3,0,0,3,2 (2ct 0st),0.187
DM de Silva (2015-2017),7,2,2,0,0,2,1 (1ct 0st),0.285
GSNFG Jayasuriya (2015-2016),11,2,2,0,0,2,1 (1ct 0st),0.181
HGJM Kulatunga (2008-2008),2,2,2,0,0,2,2 (2ct 0st),1.000
MF Maharoof (2006-2016),8,2,2,0,0,2,1 (1ct 0st),0.250
PADLR Sandakan (2017-2017),3,2,2,0,0,2,1 (1ct 0st),0.666
WU Tharanga (2006-2017),17,2,2,0,0,2,1 (1ct 0st),0.117
T Thushara (2008-2010),6,2,2,0,0,2,1 (1ct 0st),0.333
HMCM Bandara (2006-2009),4,1,1,0,0,1,1 (1ct 0st),0.250
A Dananjaya (2012-2017),6,1,1,0,0,1,1 (1ct 0st),0.166
SI de Saram (2009-2009),1,1,1,0,0,1,1 (1ct 0st),1.000
PC de Silva (2017-2017),1,1,1,0,0,1,1 (1ct 0st),1.000
RMS Eranga (2012-2013),3,1,1,0,0,1,1 (1ct 0st),0.333
KS Lokuarachchi (2012-2012),2,1,1,0,0,1,1 (1ct 0st),0.500
EMDY Munaweera (2012-2017),13,1,1,0,0,1,1 (1ct 0st),0.076
M Muralitharan (2006-2010),12,1,1,0,0,1,1 (1ct 0st),0.083
AK Perera (2013-2014),2,1,1,0,0,1,1 (1ct 0st),0.500
M Pushpakumara (2009-2009),1,1,1,0,0,1,1 (1ct 0st),1.000
RJMGM Rupasinghe (2009-2009),2,1,1,0,0,1,1 (1ct 0st),0.500
JRMVB Sanjaya (2017-2017),8,1,1,0,0,1,1 (1ct 0st),0.125
I Udana (2009-2017),13,1,1,0,0,1,1 (1ct 0st),0.076
JDF Vandersay (2015-2016),7,1,1,0,0,1,1 (1ct 0st),0.142
KDK Vithanage (2014-2016),3,1,1,0,0,1,1 (1ct 0st),0.333
RP Arnold (2006-2006),1,0,0,0,0,0,0,0.000
MS Atapattu (2006-2006),2,0,0,0,0,0,0,0.000
KMC Bandara (2016-2016),1,0,0,0,0,0,0,0.000
ST de Silva (2017-2017),3,0,0,0,0,0,0,0.000
LHD Dilhara (2008-2008),2,0,0,0,0,0,0,0.000
N Pradeep (2016-2017),2,0,0,0,0,0,0,0.000
B Fernando (2015-2015),2,0,0,0,0,0,0,0.000
HMRKB Herath (2011-2016),17,0,0,0,0,0,0,0.000
CU Jayasinghe (2009-2010),5,0,0,0,0,0,0,0.000
S Randiv (2010-2011),7,0,0,0,0,0,0,0.000
BKG Mendis (2016-2017),8,0,0,0,0,0,0,0.000
SS Pathirana (2016-2017),5,0,0,0,0,0,0,0.000
MDK Perera (2011-2011),3,0,0,0,0,0,0,0.000
PDRL Perera (2006-2006),2,0,0,0,0,0,0,0.000
KTGD Prasad (2011-2011),1,0,0,0,0,0,0,0.000
SMA Priyanjan (2017-2017),3,0,0,0,0,0,0,0.000
CAK Rajitha (2016-2016),3,0,0,0,0,0,0,0.000
RLB Rambukwella (2013-2016),2,0,0,0,0,0,0,0.000
ML Udawatte (2008-2017),8,0,0,0,0,0,0,0.000
WPUJC Vaas (2006-2007),6,0,0,0,0,0,0,0.000
UWMBCA Welegedara (2010-2010),2,0,0,0,0,0,0,0.000
G Wijekoon (2007-2007),3,0,0,0,0,0,0,0.000
E Chigumbura (2006-2016),47,18,18,0,0,18,2 (2ct 0st),0.382
H Masakadza (2006-2016),50,16,16,0,0,16,2 (2ct 0st),0.320
Sikandar Raza (2013-2016),26,16,16,0,0,16,2 (2ct 0st),0.615
V Sibanda (2007-2016),26,12,12,0,0,12,3 (3ct 0st),0.461
T Taibu (2007-2012),17,11,6,5,6,0,3 (0ct 3st),0.647
BRM Taylor (2006-2014),26,11,10,1,8,2,2 (2ct 0st),0.423
R Mutumbami (2015-2016),14,10,7,3,5,2,4 (1ct 3st),0.714
SC Williams (2006-2016),24,10,10,0,0,10,2 (2ct 0st),0.416
CJ Chibhabha (2006-2016),30,8,8,0,0,8,2 (2ct 0st),0.266
CR Ervine (2010-2015),16,8,8,0,0,8,2 (2ct 0st),0.500
MN Waller (2011-2016),28,8,8,0,0,8,1 (1ct 0st),0.285
AG Cremer (2008-2016),27,6,6,0,0,6,1 (1ct 0st),0.222
P Utseya (2006-2015),35,6,6,0,0,6,1 (1ct 0st),0.171
S Matsikenyeri (2006-2012),10,5,5,0,0,5,2 (2ct 0st),0.500
LM Jongwe (2015-2016),8,4,4,0,0,4,2 (2ct 0st),0.500
T Maruma (2008-2016),10,4,4,0,0,4,1 (1ct 0st),0.400
PJ Moor (2016-2016),8,3,3,0,0,3,2 (2ct 0st),0.375
CB Mpofu (2008-2015),20,3,3,0,0,3,2 (2ct 0st),0.150
RW Price (2008-2012),16,3,3,0,0,3,1 (1ct 0st),0.187
GB Brent (2006-2007),3,2,2,0,0,2,2 (2ct 0st),0.666
TL Chatara (2010-2016),11,2,2,0,0,2,1 (1ct 0st),0.181
CK Coventry (2010-2015),13,2,2,0,1,1,1 (1ct 0st),0.153
KM Dabengwa (2006-2010),8,2,2,0,0,2,1 (1ct 0st),0.250
SW Masakadza (2010-2013),7,2,2,0,0,2,1 (1ct 0st),0.285
T Panyangara (2013-2016),14,2,2,0,0,2,1 (1ct 0st),0.142
DT Tiripano (2016-2016),8,2,2,0,0,2,1 (1ct 0st),0.250
BV Vitori (2012-2016),11,2,2,0,0,2,1 (1ct 0st),0.181
N Madziva (2015-2016),9,1,1,0,0,1,1 (1ct 0st),0.111
KO Meth (2012-2012),2,1,1,0,0,1,1 (1ct 0st),0.500
"N M'shangwe (2013-2014)",5,1,1,0,0,1,1 (1ct 0st),0.200
CT Mutombodzi (2013-2016),5,1,1,0,0,1,1 (1ct 0st),0.200
T Muzarabani (2015-2016),9,1,1,0,0,1,1 (1ct 0st),0.111
C Zhuwao (2008-2011),5,1,1,0,0,1,1 (1ct 0st),0.200
AM Blignaut (2010-2010),1,0,0,0,0,0,0,0.000
RW Chakabva (2008-2015),5,0,0,0,0,0,0,0.000
TS Chisoro (2015-2016),7,0,0,0,0,0,0,0.000
AJ Ireland (2006-2006),1,0,0,0,0,0,0,0.000
KM Jarvis (2011-2013),9,0,0,0,0,0,0,0.000
TP Kamungozi (2014-2014),1,0,0,0,0,0,0,0.000
GA Lamb (2010-2010),5,0,0,0,0,0,0,0.000
WP Masakadza (2015-2016),7,0,0,0,0,0,0,0.000
T Mupariwa (2007-2008),4,0,0,0,0,0,0,0.000
F Mutizwa (2011-2012),3,0,0,0,0,0,0,0.000
ML Nkala (2006-2006),1,0,0,0,0,0,0,0.000
EC Rainsford (2010-2010),2,0,0,0,0,0,0,0.000
PW Borren (2008-2017),41,28,28,0,0,28,4 (4ct 0st),0.682
W Barresi (2012-2017),34,27,26,1,26,0,4 (4ct 0st),0.794
PM Seelaar (2008-2017),38,17,17,0,0,17,2 (2ct 0st),0.447
BN Cooper (2013-2017),25,14,14,0,0,14,2 (2ct 0st),0.560
Ahsan Malik (2012-2017),30,13,13,0,0,13,2 (2ct 0st),0.433
Mudassar Bukhari (2008-2016),36,9,9,0,0,9,2 (2ct 0st),0.250
MR Swart (2012-2016),26,7,7,0,0,7,1 (1ct 0st),0.269
TLW Cooper (2012-2016),17,6,6,0,0,6,2 (2ct 0st),0.352
RE van der Merwe (2015-2017),10,6,6,0,0,6,2 (2ct 0st),0.600
E Schiferli (2008-2010),6,5,5,0,0,5,1 (1ct 0st),0.833
TN de Grooth (2008-2013),14,4,4,0,0,4,2 (2ct 0st),0.285
TGJ Gruijters (2012-2013),8,4,4,0,0,4,2 (2ct 0st),0.500
AN Kervezee (2009-2012),10,4,4,0,0,4,2 (2ct 0st),0.400
SJ Myburgh (2012-2017),27,4,4,0,0,4,1 (1ct 0st),0.148
MJG Rippon (2013-2017),17,4,4,0,0,4,1 (1ct 0st),0.235
ES Szwarczynski (2008-2013),13,4,4,0,0,4,2 (2ct 0st),0.307
DLS van Bunge (2008-2013),13,4,4,0,0,4,2 (2ct 0st),0.307
PA van Meekeren (2013-2017),17,4,4,0,0,4,1 (1ct 0st),0.235
"MP O'Dowd (2015-2017)",8,3,3,0,0,3,1 (1ct 0st),0.375
RN ten Doeschate (2008-2010),9,3,3,0,0,3,1 (1ct 0st),0.333
LV van Beek (2014-2016),8,3,3,0,0,3,1 (1ct 0st),0.375
AF Buurman (2010-2010),4,2,1,1,1,0,2 (1ct 1st),0.500
MBS Jonkman (2010-2010),3,2,2,0,0,2,2 (2ct 0st),0.666
DJ Reekers (2008-2009),5,2,2,0,0,2,1 (1ct 0st),0.400
Sikander Zulfiqar (2016-2016),2,2,2,0,0,2,2 (2ct 0st),1.000
T van der Gugten (2012-2017),24,2,2,0,0,2,1 (1ct 0st),0.083
B Zuiderent (2009-2010),6,2,2,0,0,2,1 (1ct 0st),0.333
Mohammad Kashif (2010-2010),3,1,1,0,0,1,1 (1ct 0st),0.333
HJC Mol (2008-2008),3,1,1,0,0,1,1 (1ct 0st),0.333
J Smits (2008-2009),5,1,1,0,1,0,1 (1ct 0st),0.200
MB van Schelven (2015-2015),2,1,1,0,0,1,1 (1ct 0st),0.500
RI Ahmed (2015-2015),2,0,0,0,0,0,0,0.000
VJ Kingma (2016-2016),1,0,0,0,0,0,0,0.000
DP Nannes (2009-2009),2,0,0,0,0,0,0,0.000
TP Visee (2015-2017),4,0,0,0,0,0,0,0.000
GMC Mol (2008-2008),-,-,-,-,-,-,-,-
JD Schoonheim (2008-2008),-,-,-,-,-,-,-,-
Babar Hayat (2014-2017),24,16,16,0,0,16,4 (4ct 0st),0.666
JJ Atkinson (2014-2016),13,14,14,0,14,0,3 (3ct 0st),1.076
Nadeem Ahmed (2014-2017),24,12,12,0,0,12,2 (2ct 0st),0.500
Nizakat Khan (2014-2017),23,8,8,0,0,8,2 (2ct 0st),0.347
Aizaz Khan (2014-2017),23,7,7,0,0,7,2 (2ct 0st),0.304
Anshuman Rath (2015-2017),20,6,6,0,0,6,1 (1ct 0st),0.300
Waqas Barkat (2014-2017),11,5,5,0,0,5,2 (2ct 0st),0.454
MS Chapman (2014-2016),19,4,4,0,0,4,2 (2ct 0st),0.210
Tanwir Afzal (2014-2016),21,4,4,0,0,4,1 (1ct 0st),0.190
C Carter (2015-2017),10,3,2,1,2,0,1 (1ct 0st),0.300
KD Shah (2014-2016),15,3,3,0,0,3,2 (2ct 0st),0.200
Haseeb Amjad (2014-2016),18,2,2,0,0,2,1 (1ct 0st),0.111
Irfan Ahmed (2014-2015),8,2,2,0,0,2,1 (1ct 0st),0.250
RJ Campbell (2016-2016),3,1,1,0,0,1,1 (1ct 0st),0.333
Ehsan Khan (2016-2017),4,1,1,0,0,1,1 (1ct 0st),0.250
Munir Dar (2014-2014),2,1,1,0,0,1,1 (1ct 0st),0.500
Shahid Wasif (2016-2017),4,1,1,0,0,1,1 (1ct 0st),0.250
Tanveer Ahmed (2016-2017),5,1,1,0,0,1,1 (1ct 0st),0.200
Anas Khan (2014-2014),1,0,0,0,0,0,0,0.000
Ehsan Nawaz (2014-2017),5,0,0,0,0,0,0,0.000
A Mehmood (2016-2016),2,0,0,0,0,0,0,0.000
Najeeb Amar (2014-2014),1,0,0,0,0,0,0,0.000
Waqas Khan (2014-2017),8,0,0,0,0,0,0,0.000
A Vala (2015-2017),9,7,7,0,0,7,3 (3ct 0st),0.777
L Siaka (2015-2017),9,6,6,0,0,6,3 (3ct 0st),0.666
JNT Vare (2015-2017),8,6,4,2,4,0,3 (3ct 0st),0.750
MD Dai (2015-2017),9,5,5,0,0,5,2 (2ct 0st),0.555
N Vanua (2015-2017),9,4,4,0,0,4,1 (1ct 0st),0.444
S Bau (2016-2017),6,3,3,0,0,3,2 (2ct 0st),0.500
CJA Amini (2015-2016),6,2,2,0,0,2,1 (1ct 0st),0.333
WT Gavera (2015-2017),6,1,1,0,0,1,1 (1ct 0st),0.166
K Pala (2015-2015),2,1,1,0,0,1,1 (1ct 0st),0.500
CA Soper (2015-2017),5,1,1,0,0,1,1 (1ct 0st),0.200
D Bau (2017-2017),1,0,0,0,0,0,0,0.000
H Hiri (2016-2016),2,0,0,0,0,0,0,0.000
VV Morea (2015-2017),5,0,0,0,0,0,0,0.000
A Nao (2017-2017),2,0,0,0,0,0,0,0.000
L Nou (2015-2015),3,0,0,0,0,0,0,0.000
N Pokana (2016-2016),3,0,0,0,0,0,0,0.000
P Raho (2016-2016),2,0,0,0,0,0,0,0.000
JB Reva (2015-2017),6,0,0,0,0,0,0,0.000
TP Ura (2015-2017),6,0,0,0,0,0,0,0.000
Mushfiqur Rahim (2006-2017),59,47,23,24,22,1,3 (1ct 2st),0.796
Mahmudullah (2007-2017),58,23,23,0,0,23,2 (2ct 0st),0.396
Shakib Al Hasan (2006-2017),60,17,17,0,0,17,2 (2ct 0st),0.283
Sabbir Rahman (2014-2017),32,16,16,0,0,16,3 (3ct 0st),0.500
Soumya Sarkar (2015-2017),25,16,16,0,0,16,2 (2ct 0st),0.640
Nasir Hossain (2011-2016),30,15,15,0,0,15,2 (2ct 0st),0.500
Tamim Iqbal (2007-2017),54,14,14,0,0,14,2 (2ct 0st),0.259
Abdur Razzak (2006-2014),33,10,10,0,0,10,2 (2ct 0st),0.303
Mashrafe Mortaza (2006-2017),53,10,10,0,0,10,3 (3ct 0st),0.188
Nurul Hasan (2016-2017),9,6,2,4,2,0,2 (0ct 2st),0.666
Aftab Ahmed (2006-2010),11,4,4,0,0,4,2 (2ct 0st),0.363
Elias Sunny (2012-2012),7,4,4,0,0,4,3 (3ct 0st),0.571
Farhad Reza (2006-2014),13,4,4,0,0,4,1 (1ct 0st),0.307
Imrul Kayes (2010-2017),14,4,4,0,0,4,1 (1ct 0st),0.285
Mohammad Ashraful (2007-2013),23,4,4,0,0,4,1 (1ct 0st),0.173
Ziaur Rahman (2012-2014),14,4,4,0,0,4,2 (2ct 0st),0.285
Al-Amin Hossain (2013-2016),23,3,3,0,0,3,1 (1ct 0st),0.130
Jahurul Islam (2010-2013),3,3,3,0,0,3,1 (1ct 0st),1.000
Liton Das (2015-2017),4,3,3,0,0,3,2 (2ct 0st),0.750
Mohammad Mithun (2014-2016),10,3,3,0,0,3,2 (2ct 0st),0.300
Mosaddek Hossain (2016-2017),6,3,3,0,0,3,1 (1ct 0st),0.500
Mustafizur Rahman (2015-2017),17,3,3,0,0,3,2 (2ct 0st),0.176
Alok Kapali (2007-2011),7,2,2,0,0,2,1 (1ct 0st),0.285
Anamul Haque (2012-2015),12,2,2,0,1,1,1 (1ct 0st),0.166
Mehidy Hasan Miraz (2017-2017),3,2,2,0,0,2,2 (2ct 0st),0.666
Naeem Islam (2008-2013),10,2,2,0,0,2,1 (1ct 0st),0.200
Shamsur Rahman (2013-2014),8,2,2,0,0,2,1 (1ct 0st),0.250
Sohag Gazi (2012-2015),10,2,2,0,0,2,1 (1ct 0st),0.200
Arafat Sunny (2014-2016),10,1,1,0,0,1,1 (1ct 0st),0.100
Dhiman Ghosh (2008-2008),1,1,0,1,0,0,1 (0ct 1st),1.000
Junaid Siddique (2007-2012),7,1,1,0,0,1,1 (1ct 0st),0.142
Mominul Haque (2012-2014),6,1,1,0,0,1,1 (1ct 0st),0.166
Raqibul Hasan (2008-2010),5,1,1,0,0,1,1 (1ct 0st),0.200
Rubel Hossain (2009-2017),15,1,1,0,0,1,1 (1ct 0st),0.066
Sajedul Islam (2013-2013),1,1,1,0,0,1,1 (1ct 0st),1.000
Shafiul Islam (2010-2017),12,1,1,0,0,1,1 (1ct 0st),0.083
Shahriar Nafees (2006-2006),1,1,1,0,0,1,1 (1ct 0st),1.000
Shuvagata Hom (2016-2016),5,1,1,0,0,1,1 (1ct 0st),0.200
Syed Rasel (2007-2008),8,1,1,0,0,1,1 (1ct 0st),0.125
Taskin Ahmed (2014-2017),15,1,1,0,0,1,1 (1ct 0st),0.066
Abul Hasan (2012-2012),4,0,0,0,0,0,0,0.000
Abu Hider (2016-2016),4,0,0,0,0,0,0,0.000
Jubair Hossain (2015-2015),1,0,0,0,0,0,0,0.000
Mehrab Hossain jnr (2008-2009),2,0,0,0,0,0,0,0.000
Mohammad Rafique (2006-2006),1,0,0,0,0,0,0,0.000
Mohammad Saifuddin (2017-2017),4,0,0,0,0,0,0,0.000
Mohammad Shahid (2016-2016),1,0,0,0,0,0,0,0.000
Muktar Ali (2016-2016),1,0,0,0,0,0,0,0.000
Nadif Chowdhury (2006-2007),3,0,0,0,0,0,0,0.000
Nazimuddin (2007-2008),7,0,0,0,0,0,0,0.000
Nazmul Hossain (2009-2012),4,0,0,0,0,0,0,0.000
Nazmus Sadat (2006-2006),1,0,0,0,0,0,0,0.000
Robiul Islam (2013-2013),1,0,0,0,0,0,0,0.000
Rony Talukdar (2015-2015),1,0,0,0,0,0,0,0.000
Saqlain Sajib (2016-2016),1,0,0,0,0,0,0,0.000
Shahadat Hossain (2006-2013),6,0,0,0,0,0,0,0.000
Suhrawadi Shuvo (2010-2010),1,0,0,0,0,0,0,0.000
SP Patil (2014-2016),18,13,9,4,9,0,2 (2ct 0st),0.722
Ahmed Raza (2014-2017),21,7,7,0,0,7,1 (1ct 0st),0.333
Rohan Mustafa (2014-2017),24,7,7,0,0,7,2 (2ct 0st),0.291
Ghulam Shabber (2016-2017),8,6,5,1,5,0,2 (1ct 1st),0.750
Shaiman Anwar (2014-2017),26,6,6,0,0,6,1 (1ct 0st),0.230
Amjad Javed (2014-2017),22,4,4,0,0,4,1 (1ct 0st),0.181
Fahad Tariq (2016-2016),6,4,4,0,0,4,3 (3ct 0st),0.666
Muhammad Usman (2016-2017),19,4,4,0,0,4,1 (1ct 0st),0.210
Saqlain Haider (2016-2016),6,4,4,0,0,4,2 (2ct 0st),0.666
Rameez Shahzad (2016-2017),8,3,3,0,0,3,1 (1ct 0st),0.375
Amjad Gul (2015-2016),4,2,2,0,0,2,1 (1ct 0st),0.500
Khurram Khan (2014-2014),3,2,2,0,0,2,1 (1ct 0st),0.666
Mohammad Naveed (2015-2017),22,2,2,0,0,2,1 (1ct 0st),0.090
Qadeer Ahmed (2015-2016),8,2,2,0,0,2,1 (1ct 0st),0.250
Amjad Ali (2014-2015),5,1,1,0,0,1,1 (1ct 0st),0.200
Farhan Ahmed (2016-2016),3,1,1,0,0,1,1 (1ct 0st),0.333
Fayyaz Ahmed (2015-2015),1,1,1,0,0,1,1 (1ct 0st),1.000
AM Guruge (2014-2015),5,1,1,0,0,1,1 (1ct 0st),0.200
Imran Haider (2016-2017),5,1,1,0,0,1,1 (1ct 0st),0.200
Kamran Shazad (2014-2014),3,1,1,0,0,1,1 (1ct 0st),0.333
Mohammad Shahzad (2015-2017),20,1,1,0,0,1,1 (1ct 0st),0.050
Mohammad Tauqir (2015-2015),3,1,1,0,0,1,1 (1ct 0st),0.333
Mohammed Qasim (2016-2017),3,1,1,0,0,1,1 (1ct 0st),0.333
Muhammad Kaleem (2016-2016),9,1,1,0,0,1,1 (1ct 0st),0.111
V Shetty (2014-2014),2,1,1,0,0,1,1 (1ct 0st),0.500
EHSN Silva (2014-2014),2,1,1,0,0,1,1 (1ct 0st),0.500
Zaheer Maqsood (2015-2016),3,1,1,0,0,1,1 (1ct 0st),0.333
Zahoor Khan (2017-2017),3,1,1,0,0,1,1 (1ct 0st),0.333
Abdul Shakoor (2015-2015),4,0,0,0,0,0,0,0.000
Adnan Mufti (2017-2017),1,0,0,0,0,0,0,0.000
Atif Ali Khan (2016-2016),1,0,0,0,0,0,0,0.000
Faizan Asif (2014-2015),6,0,0,0,0,0,0,0.000
Muhammed Shanil (2016-2016),1,0,0,0,0,0,0,0.000
Nasir Aziz (2015-2015),1,0,0,0,0,0,0,0.000
Sharif Asadullah (2014-2014),1,0,0,0,0,0,0,0.000
L Sreekumar (2017-2017),1,0,0,0,0,0,0,0.000
Sultan Ahmed (2017-2017),2,0,0,0,0,0,0,0.000
Umair Ali (2015-2015),3,0,0,0,0,0,0,0.000
Usman Mushtaq (2016-2016),3,0,0,0,0,0,0,0.000
GC Wilson (2008-2017),51,32,28,4,18,10,4 (3ct 1st),0.627
"NJ O'Brien (2008-2016)",28,27,17,10,15,2,4 (3ct 1st),0.964
GH Dockrell (2010-2017),43,24,24,0,0,24,3 (3ct 0st),0.558
WTS Porterfield (2008-2017),54,22,22,0,0,22,2 (2ct 0st),0.407
"KJ O'Brien (2008-2017)",55,17,17,0,0,17,2 (2ct 0st),0.309
JF Mooney (2009-2015),27,13,13,0,0,13,2 (2ct 0st),0.481
PR Stirling (2009-2017),43,13,13,0,0,13,3 (3ct 0st),0.302
DT Johnston (2008-2013),28,9,9,0,0,9,3 (3ct 0st),0.321
WB Rankin (2009-2017),24,9,9,0,0,9,2 (2ct 0st),0.375
MC Sorensen (2012-2016),24,9,9,0,0,9,2 (2ct 0st),0.375
SR Thompson (2014-2017),18,9,9,0,0,9,2 (2ct 0st),0.500
AC Botha (2008-2010),13,8,8,0,0,8,2 (2ct 0st),0.615
AR Cusack (2008-2015),33,7,7,0,0,7,2 (2ct 0st),0.212
SW Poynter (2015-2017),12,7,6,1,1,5,2 (1ct 1st),0.583
AR McBrine (2014-2017),18,6,6,0,0,6,2 (2ct 0st),0.333
EC Joyce (2012-2014),15,5,5,0,0,5,2 (2ct 0st),0.333
A Balbirnie (2015-2016),8,3,3,0,0,3,1 (1ct 0st),0.375
PC Connell (2008-2010),8,3,3,0,0,3,1 (1ct 0st),0.375
WK McCallan (2008-2009),8,3,3,0,0,3,1 (1ct 0st),0.375
RD McCann (2012-2012),3,3,1,2,1,0,2 (0ct 2st),1.000
TJ Murtagh (2012-2016),14,3,3,0,0,3,1 (1ct 0st),0.214
CA Young (2015-2017),14,3,3,0,0,3,1 (1ct 0st),0.214
JP Bray (2009-2009),2,2,2,0,0,2,1 (1ct 0st),1.000
J Mulder (2016-2017),8,2,2,0,0,2,1 (1ct 0st),0.250
AD Poynter (2012-2016),17,2,2,0,0,2,1 (1ct 0st),0.117
AR White (2008-2012),17,2,2,0,0,2,1 (1ct 0st),0.117
NG Jones (2010-2012),4,1,1,0,0,1,1 (1ct 0st),0.250
JNK Shannon (2013-2016),2,1,1,0,0,1,1 (1ct 0st),0.500
R Strydom (2008-2008),3,1,1,0,0,1,1 (1ct 0st),0.333
SP Terry (2016-2016),1,1,1,0,0,1,1 (1ct 0st),1.000
GJ Thompson (2016-2017),8,1,1,0,0,1,1 (1ct 0st),0.125
L Tucker (2016-2017),4,1,1,0,0,1,1 (1ct 0st),0.250
RM West (2009-2009),5,1,1,0,0,1,1 (1ct 0st),0.200
J Anderson (2015-2015),2,0,0,0,0,0,0,0.000
PS Eaglestone (2010-2010),1,0,0,0,0,0,0,0.000
TE Kane (2015-2015),3,0,0,0,0,0,0,0.000
GE Kidd (2010-2010),1,0,0,0,0,0,0,0.000
J Little (2016-2017),2,0,0,0,0,0,0,0.000
GJ McCarter (2015-2015),2,0,0,0,0,0,0,0.000
BJ McCarthy (2017-2017),2,0,0,0,0,0,0,0.000
DA Rankin (2015-2016),2,0,0,0,0,0,0,0.000
MH Cross (2013-2017),21,16,10,6,10,0,3 (2ct 1st),0.761
KJ Coetzer (2008-2017),37,15,15,0,0,15,2 (2ct 0st),0.405
CS MacLeod (2009-2017),28,13,13,0,0,13,2 (2ct 0st),0.464
PL Mommsen (2012-2016),22,11,11,0,0,11,2 (2ct 0st),0.500
JH Davey (2012-2017),13,9,9,0,0,9,2 (2ct 0st),0.692
CJO Smith (2007-2009),7,9,5,4,5,0,2 (2ct 0st),1.285
RML Taylor (2013-2016),9,8,8,0,0,8,2 (2ct 0st),0.888
MW Machan (2013-2016),13,7,7,0,0,7,1 (1ct 0st),0.538
CD Wallace (2012-2017),11,7,5,2,5,0,2 (2ct 0st),0.636
MA Leask (2013-2017),12,6,6,0,0,6,2 (2ct 0st),0.500
DF Watts (2007-2012),10,6,6,0,0,6,3 (3ct 0st),0.600
HG Munsey (2015-2017),15,5,5,0,0,5,3 (3ct 0st),0.333
AC Evans (2015-2016),9,4,4,0,0,4,1 (1ct 0st),0.444
G Goudie (2010-2013),9,4,4,0,0,4,1 (1ct 0st),0.444
RM Haq (2007-2013),20,4,4,0,0,4,2 (2ct 0st),0.200
RR Watson (2007-2010),9,4,4,0,0,4,2 (2ct 0st),0.444
RD Berrington (2008-2017),38,3,3,0,0,3,2 (2ct 0st),0.078
CD de Lange (2015-2017),7,3,3,0,0,3,1 (1ct 0st),0.428
GM Hamilton (2007-2010),11,3,3,0,0,3,2 (2ct 0st),0.272
MM Iqbal (2012-2013),6,3,3,0,0,3,1 (1ct 0st),0.500
SM Sharif (2012-2017),23,3,3,0,0,3,2 (2ct 0st),0.130
GD Drummond (2008-2013),17,2,2,0,0,2,1 (1ct 0st),0.117
NS Poonia (2007-2010),7,2,2,0,0,2,1 (1ct 0st),0.285
JH Stander (2009-2012),11,2,2,0,0,2,1 (1ct 0st),0.181
MRJ Watt (2015-2017),16,2,2,0,0,2,1 (1ct 0st),0.125
JAR Blain (2007-2008),5,1,1,0,0,1,1 (1ct 0st),0.200
NM Carter (2013-2013),7,1,1,0,0,1,1 (1ct 0st),0.142
GI Maiden (2008-2008),3,1,1,0,0,1,1 (1ct 0st),0.333
GT Main (2015-2016),2,1,1,0,0,1,1 (1ct 0st),0.500
D Murphy (2013-2013),4,1,1,0,1,0,1 (1ct 0st),0.250
JD Nel (2007-2010),9,1,1,0,0,1,1 (1ct 0st),0.111
SJS Smith (2010-2012),5,1,0,1,0,0,1 (0ct 1st),0.200
BTJ Wheal (2016-2017),5,1,1,0,0,1,1 (1ct 0st),0.200
CM Wright (2007-2009),2,1,1,0,0,1,1 (1ct 0st),0.500
DR Brown (2007-2007),1,0,0,0,0,0,0,0.000
CG Burnett (2013-2013),1,0,0,0,0,0,0,0.000
FRJ Coleman (2013-2013),1,0,0,0,0,0,0,0.000
R Flannigan (2012-2012),4,0,0,0,0,0,0,0.000
RT Lyons (2010-2010),2,0,0,0,0,0,0,0.000
NFI McCallum (2007-2010),10,0,0,0,0,0,0,0.000
MA Parker (2012-2012),2,0,0,0,0,0,0,0.000
GA Rogers (2008-2009),2,0,0,0,0,0,0,0.000
CB Sole (2017-2017),1,0,0,0,0,0,0,0.000
I Wardlaw (2013-2013),4,0,0,0,0,0,0,0.000
Sultan Ahmed (N/A),16,17,14,3,14,0,3 (3ct 0st),1.062
Jatinder Singh (N/A),11,6,6,0,0,6,2 (2ct 0st),0.545
Aamir Kaleem (N/A),10,5,5,0,0,5,2 (2ct 0st),0.500
Adnan Ilyas (N/A),11,5,5,0,0,5,3 (3ct 0st),0.454
Bilal Khan (N/A),15,5,5,0,0,5,2 (2ct 0st),0.333
AV Lalcheta (N/A),13,3,3,0,0,3,2 (2ct 0st),0.230
Mohammad Nadeem (N/A),6,3,3,0,0,3,2 (2ct 0st),0.500
Aqib Ilyas (N/A),9,2,2,0,0,2,1 (1ct 0st),0.222
Khawar Ali (N/A),13,2,2,0,0,2,1 (1ct 0st),0.153
A Poulose (N/A),3,2,2,0,0,2,1 (1ct 0st),0.666
Zeeshan Maqsood (N/A),15,2,2,0,0,2,1 (1ct 0st),0.133
Amir Ali (N/A),9,1,1,0,0,1,1 (1ct 0st),0.111
Mehran Khan (N/A),12,1,1,0,0,1,1 (1ct 0st),0.083
Sufyan Mehmood (N/A),2,1,1,0,0,1,1 (1ct 0st),0.500
VS Wategaonkar (N/A),2,1,1,0,0,1,1 (1ct 0st),0.500
M Ansari (N/A),10,0,0,0,0,0,0,0.000
Kaleemullah (N/A),4,0,0,0,0,0,0,0.000
Khurram Nawaz (N/A),4,0,0,0,0,0,0,0.000
Naseem Khushi (N/A),4,0,0,0,0,0,0,0.000
RJ Ranpura (N/A),2,0,0,0,0,0,0,0.000
Zeeshan Siddiqui (N/A),5,0,0,0,0,0,0,0.000
Mohammad Shahzad (2010-2017),58,52,25,27,25,0,5 (3ct 2st),0.896
Mohammad Nabi (2010-2017),58,31,31,0,0,31,3 (3ct 0st),0.534
Najibullah Zadran (2012-2017),40,19,19,0,0,19,2 (2ct 0st),0.475
Gulbadin Naib (2012-2017),36,17,17,0,0,17,2 (2ct 0st),0.472
Nawroz Mangal (2010-2017),32,16,16,0,0,16,3 (3ct 0st),0.500
Samiullah Shenwari (2010-2017),55,15,15,0,0,15,1 (1ct 0st),0.272
Asghar Stanikzai (2010-2017),49,14,14,0,0,14,2 (2ct 0st),0.285
Shafiqullah (2010-2017),35,11,11,0,0,11,3 (3ct 0st),0.314
Rashid Khan (2015-2017),27,8,8,0,0,8,1 (1ct 0st),0.296
Dawlat Zadran (2012-2017),33,7,7,0,0,7,2 (2ct 0st),0.212
Usman Ghani (2015-2017),13,7,7,0,0,7,2 (2ct 0st),0.538
Karim Sadiq (2010-2016),34,5,5,0,0,5,1 (1ct 0st),0.147
Mirwais Ashraf (2010-2016),25,5,5,0,0,5,1 (1ct 0st),0.200
Shapoor Zadran (2010-2017),32,5,5,0,0,5,1 (1ct 0st),0.156
Karim Janat (2016-2017),11,4,4,0,0,4,2 (2ct 0st),0.363
Noor Ali Zadran (2010-2017),20,4,4,0,0,4,1 (1ct 0st),0.200
M Nasim Baras (2015-2015),3,3,3,0,0,3,2 (2ct 0st),1.000
Hamid Hassan (2010-2016),22,2,2,0,0,2,1 (1ct 0st),0.090
Raees Ahmadzai (2010-2010),8,2,2,0,0,2,1 (1ct 0st),0.250
Afsar Zazai (2013-2013),1,1,0,1,0,0,1 (0ct 1st),1.000
Fareed Ahmad (2016-2017),7,1,1,0,0,1,1 (1ct 0st),0.142
Izatullah Dawlatzai (2012-2012),4,1,1,0,0,1,1 (1ct 0st),0.250
Sayed Shirzad (2015-2016),3,1,1,0,0,1,1 (1ct 0st),0.333
Aftab Alam (2012-2016),7,0,0,0,0,0,0,0.000
Amir Hamza (2013-2017),31,0,0,0,0,0,0,0.000
Dawlat Ahmadzai (2010-2010),2,0,0,0,0,0,0,0.000
Hashmatullah Shahidi (2013-2013),1,0,0,0,0,0,0,0.000
Hazratullah (2016-2016),1,0,0,0,0,0,0,0.000
Javed Ahmadi (2012-2017),3,0,0,0,0,0,0,0.000
Najeeb Tarakai (2014-2017),9,0,0,0,0,0,0,0.000
Rokhan Barakzai (2015-2015),3,0,0,0,0,0,0,0.000
Shabir Noori (2012-2012),1,0,0,0,0,0,0,0.000
Sharafuddin Ashraf (2015-2015),4,0,0,0,0,0,0,0.000
Yamin Ahmadzai (2015-2015),2,0,0,0,0,0,0,0.000
Zamir Khan (2012-2012),1,0,0,0,0,0,0,0.000
