Player,Innings Bowled In,Balls Bowled,Runs Conceded,Wickets Taken,Best Bowling In An Innings,Bowling Avg,Economy Rate,Bowling Strike Rate,Four Wickets In An Innings,Five Wickets In An Innings,40+ Wickets Taken,<30.00 Bowling Avg,<8.00 Economy Rate,<25.00 Bowling Strike Rate
SCJ Broad (2006-2014),55,"1171,8",1491,65,4/24,22.93,7.62,18.0,1,0,1,1,1,1
GP Swann (2008-2012),38,810,859,51,3/13,16.84,6.36,15.8,0,0,1,1,1,1
JW Dernbach (2011-2014),33,702,1020,39,4/22,26.15,8.71,18.0,1,0,0,1,0,1
CJ Jordan (2014-2017),26,558,812,31,4/28,26.19,8.73,18.0,1,0,0,1,0,1
ST Finn (2011-2015),21,480,583,27,3/16,21.59,7.28,17.7,0,0,0,0,0,0
TT Bresnan (2006-2014),34,"661,8",887,24,3/10,36.95,8.02,27.6,0,0,0,0,0,0
RJ Sidebottom (2007-2010),18,"366,6",437,23,3/16,19.00,7.14,15.9,0,0,0,0,0,0
DJ Willey (2015-2017),16,"319,2",448,20,3/20,22.40,8.40,16.0,0,0,0,0,0,0
LE Plunkett (2006-2017),14,309,383,19,3/21,20.15,7.38,16.3,0,0,0,0,0,0
AU Rashid (2009-2017),22,438,572,19,3/25,30.10,7.83,23.0,0,0,0,0,0,0
JM Anderson (2007-2009),19,"421,2",552,18,3/23,30.66,7.84,23.4,0,0,0,0,0,0
LJ Wright (2007-2014),23,330,465,18,2/24,25.83,8.45,18.3,0,0,0,0,0,0
RS Bopara (2008-2014),21,"320,4",387,16,4/10,24.18,7.21,20.1,1,0,0,0,0,0
PD Collingwood (2005-2011),19,222,329,16,4/22,20.56,8.89,13.8,1,0,0,0,0,0
MM Ali (2014-2017),19,312,400,14,2/21,28.57,7.69,22.2,0,0,0,0,0,0
AD Mascarenhas (2007-2009),14,252,309,12,3/18,25.75,7.35,21.0,0,0,0,0,0,0
MH Yardy (2006-2011),13,276,299,11,2/19,27.18,6.50,25.0,0,0,0,0,0,0
BA Stokes (2011-2017),17,"320,4",485,10,3/26,48.50,9.03,32.2,0,0,0,0,0,0
SR Patel (2011-2013),15,252,321,7,2/6,45.85,7.64,36.0,0,0,0,0,0,0
JC Tredwell (2012-2014),15,315,416,7,1/16,59.42,7.87,45.2,0,0,0,0,0,0
CR Woakes (2011-2015),8,162,253,7,2/40,36.14,9.37,23.1,0,0,0,0,0,0
TK Curran (2017-2017),3,72,101,6,3/33,16.83,8.41,12.0,0,0,0,0,0,0
JE Root (2012-2017),9,84,139,6,2/9,23.16,9.92,14.0,0,0,0,0,0,0
DR Briggs (2012-2014),6,108,199,5,2/25,39.80,11.05,21.6,0,0,0,0,0,0
A Flintoff (2005-2007),7,150,161,5,2/23,32.20,6.44,30.0,0,0,0,0,0,0
RJW Topley (2015-2016),6,"102,6",173,5,3/24,34.60,10.07,20.6,0,0,0,0,0,0
MA Wood (2015-2017),2,42,62,5,3/26,12.40,8.85,8.4,0,0,0,0,0,0
LA Dawson (2016-2017),4,84,102,4,3/27,25.50,7.28,21.0,0,0,0,0,0,0
J Lewis (2005-2007),2,42,55,4,4/24,13.75,7.85,10.5,1,0,0,0,0,0
CP Schofield (2007-2007),4,75,92,4,2/15,23.00,7.16,19.2,0,0,0,0,0,0
D Gough (2005-2006),2,39,49,3,3/16,16.33,7.17,13.6,0,0,0,0,0,0
HF Gurney (2014-2014),2,48,55,3,2/26,18.33,6.87,16.0,0,0,0,0,0,0
DL Maddy (2007-2007),2,18,26,3,2/6,8.66,8.66,6.0,0,0,0,0,0,0
SI Mahmood (2006-2009),4,84,155,3,1/31,51.66,11.07,28.0,0,0,0,0,0,0
TS Mills (2016-2017),4,96,116,3,1/27,38.66,7.25,32.0,0,0,0,0,0,0
SD Parry (2014-2015),5,96,138,3,2/33,46.00,8.62,32.0,0,0,0,0,0,0
A Shahzad (2010-2011),3,66,97,3,2/38,32.33,8.81,22.0,0,0,0,0,0,0
JWM Dalrymple (2006-2007),3,30,39,2,1/10,19.50,7.80,15.0,0,0,0,0,0,0
A Khan (2009-2009),1,24,34,2,2/34,17.00,8.50,12.0,0,0,0,0,0,0
SC Meaker (2012-2012),2,45,70,2,1/28,35.00,8.93,23.5,0,0,0,0,0,0
MS Panesar (2007-2007),1,24,40,2,2/40,20.00,10.00,12.0,0,0,0,0,0,0
CT Tremlett (2007-2007),1,24,45,2,2/45,22.50,11.25,12.0,0,0,0,0,0,0
SG Borthwick (2011-2011),1,24,15,1,1/15,15.00,3.75,24.0,0,0,0,0,0,0
MS Crane (2017-2017),2,48,62,1,1/38,62.00,7.75,48.0,0,0,0,0,0,0
JL Denly (2009-2010),1,6,9,1,1/9,9.00,9.00,6.0,0,0,0,0,0,0
SJ Harmison (2005-2006),2,"37,8",42,1,1/13,42.00,6.46,39.0,0,0,0,0,0,0
KP Pietersen (2005-2013),3,30,53,1,1/27,53.00,10.60,30.0,0,0,0,0,0,0
WB Rankin (2013-2013),1,24,24,1,1/24,24.00,6.00,24.0,0,0,0,0,0,0
GJ Batty (2009-2009),1,18,17,0,-,-,5.66,-,0,0,0,0,0,0
RJ Kirtley (2007-2007),1,6,17,0,-,-,17.00,-,0,0,0,0,0,0
JN Snape (2007-2007),1,6,12,0,-,-,12.00,-,0,0,0,0,0,0
TR Ambrose (2008-2008),-,,-,-,-,-,-,-,-,-,0,0,0,0
JM Bairstow (2011-2017),-,,-,-,-,-,-,-,-,-,0,0,0,0
IR Bell (2006-2014),-,,-,-,-,-,-,-,-,-,0,0,0,0
SW Billings (2015-2017),-,,-,-,-,-,-,-,-,-,0,0,0,0
JC Buttler (2011-2017),-,,-,-,-,-,-,-,-,-,0,0,0,0
MA Carberry (2014-2014),-,,-,-,-,-,-,-,-,-,0,0,0,0
AN Cook (2007-2009),-,,-,-,-,-,-,-,-,-,0,0,0,0
SM Davies (2009-2011),-,,-,-,-,-,-,-,-,-,0,0,0,0
JS Foster (2009-2009),-,,-,-,-,-,-,-,-,-,0,0,0,0
AD Hales (2011-2017),-,,-,-,-,-,-,-,-,-,0,0,0,0
GO Jones (2005-2006),-,,-,-,-,-,-,-,-,-,0,0,0,0
EC Joyce (2006-2007),-,,-,-,-,-,-,-,-,-,0,0,0,0
RWT Key (2009-2009),-,,-,-,-,-,-,-,-,-,0,0,0,0
C Kieswetter (2010-2012),-,,-,-,-,-,-,-,-,-,0,0,0,0
LS Livingstone (2017-2017),-,,-,-,-,-,-,-,-,-,0,0,0,0
MJ Lumb (2010-2014),-,,-,-,-,-,-,-,-,-,0,0,0,0
DJ Malan (2017-2017),-,,-,-,-,-,-,-,-,-,0,0,0,0
EJG Morgan (2009-2017),-,,-,-,-,-,-,-,-,-,0,0,0,0
P Mustard (2008-2008),-,,-,-,-,-,-,-,-,-,0,0,0,0
PA Nixon (2007-2007),-,,-,-,-,-,-,-,-,-,0,0,0,0
MJ Prior (2007-2010),-,,-,-,-,-,-,-,-,-,0,0,0,0
CMW Read (2006-2006),-,,-,-,-,-,-,-,-,-,0,0,0,0
JJ Roy (2014-2017),-,,-,-,-,-,-,-,-,-,0,0,0,0
OA Shah (2007-2009),-,,-,-,-,-,-,-,-,-,0,0,0,0
VS Solanki (2005-2007),-,,-,-,-,-,-,-,-,-,0,0,0,0
AJ Strauss (2005-2009),-,,-,-,-,-,-,-,-,-,0,0,0,0
ME Trescothick (2005-2006),-,,-,-,-,-,-,-,-,-,0,0,0,0
IJL Trott (2007-2010),-,,-,-,-,-,-,-,-,-,0,0,0,0
MP Vaughan (2005-2007),-,,-,-,-,-,-,-,-,-,0,0,0,0
JM Vince (2015-2016),-,,-,-,-,-,-,-,-,-,0,0,0,0
SR Watson (2006-2016),49,930,1187,48,4/15,24.72,7.65,19.3,1,0,1,1,1,1
MG Johnson (2007-2013),30,"655,2",797,38,3/15,20.97,7.28,17.2,0,0,0,1,1,1
JP Faulkner (2012-2017),24,513,684,36,5/27,19.00,7.96,14.3,0,1,0,1,1,1
MA Starc (2012-2016),22,"499,8",566,30,3/11,18.86,6.77,16.7,0,0,0,0,0,0
B Lee (2005-2012),25,543,714,28,3/23,25.50,7.86,19.4,0,0,0,1,1,1
SW Tait (2007-2016),21,"476,4",589,28,3/13,21.03,7.39,17.0,0,0,0,0,0,0
DP Nannes (2009-2010),14,318,403,27,4/18,14.92,7.60,11.7,1,0,0,0,0,0
NM Coulter-Nile (2013-2017),19,426,575,23,4/31,25.00,8.09,18.5,1,0,0,0,0,0
PJ Cummins (2011-2017),18,414,472,23,3/15,20.52,6.84,18.0,0,0,0,0,0,0
NW Bracken (2006-2009),19,375,438,19,3/11,23.05,6.97,19.8,0,0,0,0,0,0
DJ Hussey (2008-2012),25,"360,6",392,19,3/25,20.63,6.51,19.0,0,0,0,0,0,0
GJ Maxwell (2012-2017),32,462,575,17,3/13,33.82,7.46,27.1,0,0,0,0,0,0
SPD Smith (2010-2016),17,"289,8",377,17,3/20,22.17,7.77,17.1,0,0,0,0,0,0
A Zampa (2016-2017),12,240,237,16,3/16,14.81,5.92,15.0,0,0,0,0,0,0
SR Clark (2006-2007),9,216,237,13,4/20,18.23,6.58,16.6,1,0,0,0,0,0
DT Christian (2010-2017),16,"211,8",317,11,3/27,28.81,8.92,19.3,0,0,0,0,0,0
XJ Doherty (2012-2013),11,228,300,10,3/20,30.00,7.89,22.8,0,0,0,0,0,0
JR Hopes (2005-2010),12,222,283,10,2/26,28.30,7.64,22.2,0,0,0,0,0,0
DE Bollinger (2011-2014),9,210,249,9,1/22,27.66,7.11,23.3,0,0,0,0,0,0
BW Hilfenhaus (2007-2012),7,156,161,9,2/15,17.88,6.19,17.3,0,0,0,0,0,0
CJ Boyce (2014-2016),7,138,152,8,2/10,19.00,6.60,17.2,0,0,0,0,0,0
JR Hazlewood (2013-2016),7,168,269,8,4/30,33.62,9.60,21.0,1,0,0,0,0,0
A Symonds (2005-2009),12,183,277,8,2/14,34.62,8.98,23.1,0,0,0,0,0,0
JW Hastings (2010-2016),9,186,247,7,3/14,35.28,7.96,26.5,0,0,0,0,0,0
GB Hogg (2006-2014),15,294,373,7,2/31,53.28,7.61,42.0,0,0,0,0,0,0
MJ Clarke (2005-2010),15,156,225,6,1/2,37.50,8.65,26.0,0,0,0,0,0,0
JM Muirhead (2014-2014),5,90,109,6,2/13,18.16,7.26,15.0,0,0,0,0,0,0
"SNJ O'Keefe (2010-2011)",7,114,149,6,3/29,24.83,7.84,19.0,0,0,0,0,0,0
AJ Tye (2016-2017),7,"139,2",228,6,3/37,38.00,9.77,23.3,0,0,0,0,0,0
MS Kasprowicz (2005-2005),2,42,57,5,4/29,11.40,8.14,8.4,1,0,0,0,0,0
GD McGrath (2005-2005),2,48,79,5,3/31,15.80,9.87,9.6,0,0,0,0,0,0
JP Behrendorff (2017-2017),2,30,26,4,4/21,6.50,5.20,7.5,1,0,0,0,0,0
RJ Harris (2010-2010),3,"68,4",95,4,2/27,23.75,8.14,17.5,0,0,0,0,0,0
MC Henriques (2009-2017),7,102,158,4,2/35,39.50,9.29,25.5,0,0,0,0,0,0
ML Lewis (2006-2006),2,"43,8",49,4,2/18,12.25,6.53,11.2,0,0,0,0,0,0
CJ McKay (2010-2013),6,"134,4",183,4,2/24,45.75,8.07,34.0,0,0,0,0,0,0
MR Marsh (2011-2016),7,102,145,4,1/17,36.25,8.52,25.5,0,0,0,0,0,0
AA Noffke (2007-2008),2,"43,8",41,4,3/18,10.25,5.46,11.2,0,0,0,0,0,0
SM Boland (2016-2016),3,66,90,3,3/26,30.00,8.18,22.0,0,0,0,0,0,0
Fawad Ahmed (2013-2013),2,48,68,3,3/25,22.66,8.50,16.0,0,0,0,0,0,0
SM Harwood (2007-2009),3,72,113,3,2/21,37.66,9.41,24.0,0,0,0,0,0,0
JL Pattinson (2011-2012),4,78,104,3,2/17,34.66,8.00,26.0,0,0,0,0,0,0
PM Siddle (2009-2010),2,48,58,3,2/24,19.33,7.25,16.0,0,0,0,0,0,0
AJ Turner (2017-2017),3,36,42,3,2/12,14.00,7.00,12.0,0,0,0,0,0,0
B Geeves (2009-2009),1,"19,2",35,2,2/35,17.50,10.50,10.0,0,0,0,0,0,0
NM Hauritz (2009-2009),2,"43,2",47,2,1/20,23.50,6.40,22.0,0,0,0,0,0,0
B Laughlin (2009-2013),3,69,118,2,1/32,59.00,9.97,35.5,0,0,0,0,0,0
JA Richardson (2017-2017),2,36,62,2,1/24,31.00,10.33,18.0,0,0,0,0,0,0
AC Voges (2007-2013),1,12,5,2,2/5,2.50,2.50,6.0,0,0,0,0,0,0
SA Abbott (2014-2014),3,36,47,1,1/17,47.00,7.83,36.0,0,0,0,0,0,0
AC Agar (2016-2016),2,18,43,1,1/25,43.00,14.33,18.0,0,0,0,0,0,0
BCJ Cutting (2013-2014),4,66,99,1,1/18,99.00,9.00,66.0,0,0,0,0,0,0
JN Gillespie (2005-2005),1,24,49,1,1/49,49.00,12.25,24.0,0,0,0,0,0,0
TM Head (2016-2017),2,18,25,1,1/16,25.00,8.33,18.0,0,0,0,0,0,0
BJ Hodge (2007-2014),3,30,43,1,1/13,43.00,8.60,30.0,0,0,0,0,0,0
KW Richardson (2014-2016),3,60,82,1,1/13,82.00,8.20,60.0,0,0,0,0,0,0
MP Stoinis (2015-2017),2,30,33,1,1/20,33.00,6.60,30.0,0,0,0,0,0,0
CL White (2007-2014),5,42,51,1,1/11,51.00,7.28,42.0,0,0,0,0,0,0
AJ Finch (2011-2017),2,12,27,0,-,-,13.50,-,0,0,0,0,0,0
MEK Hussey (2005-2012),1,6,5,0,-,-,5.00,-,0,0,0,0,0,0
NM Lyon (2016-2016),1,6,15,0,-,-,15.00,-,0,0,0,0,0,0
B Stanlake (2017-2017),1,18,42,0,-,-,14.00,-,0,0,0,0,0,0
GJ Bailey (2012-2016),-,,-,-,-,-,-,-,-,-,0,0,0,0
CT Bancroft (2016-2016),-,,-,-,-,-,-,-,-,-,0,0,0,0
TR Birt (2010-2012),-,,-,-,-,-,-,-,-,-,0,0,0,0
BR Dunk (2014-2017),-,,-,-,-,-,-,-,-,-,0,0,0,0
CJ Ferguson (2009-2009),-,,-,-,-,-,-,-,-,-,0,0,0,0
AC Gilchrist (2005-2008),-,,-,-,-,-,-,-,-,-,0,0,0,0
BJ Haddin (2006-2014),-,,-,-,-,-,-,-,-,-,0,0,0,0
ML Hayden (2005-2007),-,,-,-,-,-,-,-,-,-,0,0,0,0
PJ Hughes (2014-2014),-,,-,-,-,-,-,-,-,-,0,0,0,0
SM Katich (2005-2006),-,,-,-,-,-,-,-,-,-,0,0,0,0
UT Khawaja (2016-2016),-,,-,-,-,-,-,-,-,-,0,0,0,0
M Klinger (2017-2017),-,,-,-,-,-,-,-,-,-,0,0,0,0
CA Lynn (2014-2016),-,,-,-,-,-,-,-,-,-,0,0,0,0
NJ Maddinson (2013-2014),-,,-,-,-,-,-,-,-,-,0,0,0,0
SE Marsh (2008-2016),-,,-,-,-,-,-,-,-,-,0,0,0,0
DR Martyn (2005-2006),-,,-,-,-,-,-,-,-,-,0,0,0,0
PM Nevill (2016-2016),-,,-,-,-,-,-,-,-,-,0,0,0,0
MJ North (2009-2009),-,,-,-,-,-,-,-,-,-,0,0,0,0
TD Paine (2009-2017),-,,-,-,-,-,-,-,-,-,0,0,0,0
LA Pomersbach (2007-2007),-,,-,-,-,-,-,-,-,-,0,0,0,0
RT Ponting (2005-2009),-,,-,-,-,-,-,-,-,-,0,0,0,0
NJ Reardon (2014-2014),-,,-,-,-,-,-,-,-,-,0,0,0,0
BJ Rohrer (2013-2013),-,,-,-,-,-,-,-,-,-,0,0,0,0
L Ronchi (2008-2009),-,,-,-,-,-,-,-,-,-,0,0,0,0
MS Wade (2011-2016),-,,-,-,-,-,-,-,-,-,0,0,0,0
DA Warner (2009-2017),-,,-,-,-,-,-,-,-,-,0,0,0,0
DW Steyn (2007-2016),42,"900,6",1009,58,4/9,17.39,6.71,15.5,2,0,1,1,1,1
Imran Tahir (2013-2017),33,735,815,55,5/24,14.81,6.63,13.4,2,1,1,1,1,1
M Morkel (2007-2017),41,"878,4",1097,46,4/17,23.84,7.47,19.1,2,0,1,1,1,1
WD Parnell (2009-2017),39,747,1038,41,4/13,25.31,8.31,18.2,1,0,1,1,0,1
J Botha (2006-2012),39,774,823,37,3/16,22.24,6.37,20.9,0,0,0,1,1,1
KJ Abbott (2013-2016),21,"434,4",579,26,3/20,22.26,7.96,16.7,0,0,0,0,0,0
JA Morkel (2005-2015),46,645,864,26,3/12,33.23,8.01,24.8,0,0,0,0,0,1
RJ Peterson (2006-2014),19,357,451,24,3/28,18.79,7.53,14.9,0,0,0,0,0,0
D Wiese (2013-2016),20,"391,2",497,24,5/23,20.70,7.60,16.3,0,1,0,0,0,0
K Rabada (2014-2016),16,"361,2",498,22,3/30,22.63,8.25,16.4,0,0,0,0,0,0
CH Morris (2012-2017),14,306,405,20,4/27,20.25,7.94,15.3,1,0,0,0,0,0
AM Phangiso (2012-2017),15,330,430,20,3/25,21.50,7.81,16.5,0,0,0,0,0,0
JP Duminy (2007-2017),37,"420,6",544,19,3/18,28.63,7.75,22.1,0,0,0,0,0,0
LL Tsotsobe (2009-2014),23,468,541,18,3/16,30.05,6.93,26.0,0,0,0,0,0,0
CK Langeveldt (2005-2010),9,198,241,17,4/19,14.17,7.30,11.6,1,0,0,0,0,0
R McLaren (2009-2014),12,261,332,17,5/19,19.52,7.57,15.4,0,1,0,0,0,0
SM Pollock (2005-2008),11,"241,8",309,15,3/28,20.60,7.62,16.2,0,0,0,0,0,0
RE van der Merwe (2009-2010),13,264,305,14,2/14,21.78,6.93,18.8,0,0,0,0,0,0
JH Kallis (2005-2012),19,276,333,12,4/15,27.75,7.23,23.0,1,0,0,0,0,0
J Theron (2010-2012),9,"193,2",261,12,4/27,21.75,8.07,16.1,1,0,0,0,0,0
AL Phehlukwayo (2017-2017),9,"163,8",231,10,3/19,23.10,8.40,16.5,0,0,0,0,0,0
RK Kleinveldt (2008-2013),6,"121,2",173,9,3/18,19.22,8.50,13.5,0,0,0,0,0,0
BE Hendricks (2014-2017),7,"138,6",219,8,2/31,27.37,9.45,17.3,0,0,0,0,0,0
JJ van der Wath (2006-2007),8,186,231,8,2/31,28.87,7.45,23.2,0,0,0,0,0,0
M de Lange (2012-2015),6,"139,2",228,7,2/26,32.57,9.77,20.0,0,0,0,0,0,0
D Paterson (2017-2017),5,105,144,7,4/32,20.57,8.07,15.2,1,0,0,0,0,0
L Ngidi (2017-2017),3,48,44,6,4/19,7.33,5.50,8.0,1,0,0,0,0,0
M Ntini (2005-2011),10,192,298,6,2/22,49.66,9.31,32.0,0,0,0,0,0,0
E Leie (2015-2015),2,36,48,4,3/16,12.00,8.00,9.0,0,0,0,0,0,0
VD Philander (2007-2007),6,81,114,4,2/23,28.50,8.24,20.7,0,0,0,0,0,0
F Behardien (2012-2017),3,30,27,3,2/15,9.00,5.40,10.0,0,0,0,0,0,0
R Frylinck (2017-2017),2,36,42,3,2/33,14.00,7.00,12.0,0,0,0,0,0,0
AJ Hall (2006-2006),2,48,60,3,3/22,20.00,7.50,16.0,0,0,0,0,0,0
AC Thomas (2007-2007),1,24,25,3,3/25,8.33,6.25,8.0,0,0,0,0,0,0
YA Abdulla (2009-2009),2,42,44,2,1/16,22.00,6.28,21.0,0,0,0,0,0,0
J Louw (2008-2009),2,42,54,2,2/36,27.00,7.71,21.0,0,0,0,0,0,0
A Nel (2005-2007),2,48,42,2,2/19,21.00,5.25,24.0,0,0,0,0,0,0
R Telemachus (2006-2007),3,72,90,2,1/22,45.00,7.50,36.0,0,0,0,0,0,0
N Boje (2005-2005),1,24,27,1,1/27,27.00,6.75,24.0,0,0,0,0,0,0
H Davids (2012-2013),2,12,13,1,1/6,13.00,6.50,12.0,0,0,0,0,0,0
JL Ontong (2008-2015),4,36,83,1,1/25,83.00,13.83,36.0,0,0,0,0,0,0
D Pretorius (2017-2017),2,30,47,1,1/27,47.00,9.40,30.0,0,0,0,0,0,0
JT Smuts (2017-2017),4,"50,4",72,1,1/19,72.00,8.30,52.0,0,0,0,0,0,0
M Zondeki (2006-2006),1,18,41,1,1/41,41.00,13.66,18.0,0,0,0,0,0,0
F du Plessis (2012-2017),2,"7,2",3,0,-,-,2.25,-,0,0,0,0,0,0
T Henderson (2006-2006),1,24,31,0,-,-,7.75,-,0,0,0,0,0,0
JM Kemp (2005-2007),1,6,5,0,-,-,5.00,-,0,0,0,0,0,0
GJP Kruger (2006-2006),1,24,29,0,-,-,7.25,-,0,0,0,0,0,0
T Shamsi (2017-2017),2,36,47,0,-,-,7.83,-,0,0,0,0,0,0
GC Smith (2005-2011),3,24,57,0,-,-,14.25,-,0,0,0,0,0,0
HM Amla (2009-2017),-,,-,-,-,-,-,-,-,-,0,0,0,0
GH Bodi (2007-2007),-,,-,-,-,-,-,-,-,-,0,0,0,0
LE Bosman (2006-2010),-,,-,-,-,-,-,-,-,-,0,0,0,0
MV Boucher (2005-2010),-,,-,-,-,-,-,-,-,-,0,0,0,0
TB de Bruyn (2017-2017),-,,-,-,-,-,-,-,-,-,0,0,0,0
Q de Kock (2012-2017),-,,-,-,-,-,-,-,-,-,0,0,0,0
AB de Villiers (2006-2017),-,,-,-,-,-,-,-,-,-,0,0,0,0
HH Dippenaar (2006-2006),-,,-,-,-,-,-,-,-,-,0,0,0,0
HH Gibbs (2005-2010),-,,-,-,-,-,-,-,-,-,0,0,0,0
RR Hendricks (2014-2017),-,,-,-,-,-,-,-,-,-,0,0,0,0
CA Ingram (2010-2012),-,,-,-,-,-,-,-,-,-,0,0,0,0
HG Kuhn (2009-2017),-,,-,-,-,-,-,-,-,-,0,0,0,0
RE Levi (2012-2012),-,,-,-,-,-,-,-,-,-,0,0,0,0
ND McKenzie (2006-2009),-,,-,-,-,-,-,-,-,-,0,0,0,0
DA Miller (2010-2017),-,,-,-,-,-,-,-,-,-,0,0,0,0
M Mosehle (2017-2017),-,,-,-,-,-,-,-,-,-,0,0,0,0
AN Petersen (2010-2010),-,,-,-,-,-,-,-,-,-,0,0,0,0
AG Prince (2005-2005),-,,-,-,-,-,-,-,-,-,0,0,0,0
RR Rossouw (2014-2016),-,,-,-,-,-,-,-,-,-,0,0,0,0
JA Rudolph (2006-2006),-,,-,-,-,-,-,-,-,-,0,0,0,0
VB van Jaarsveld (2009-2009),-,,-,-,-,-,-,-,-,-,0,0,0,0
MN van Wyk (2007-2015),-,,-,-,-,-,-,-,-,-,0,0,0,0
DJ Vilas (2012-2012),-,,-,-,-,-,-,-,-,-,0,0,0,0
DJ Bravo (2006-2016),56,"1040,4",1470,52,4/28,28.26,8.46,20.0,2,0,1,1,0,1
S Badree (2012-2017),40,906,856,50,4/15,17.12,5.66,18.1,1,0,1,1,1,1
SP Narine (2012-2017),46,"1028,4",1034,50,4/12,20.68,6.02,20.6,1,0,1,1,1,1
DJG Sammy (2007-2016),57,"878,4",1068,44,5/26,24.27,7.28,20.0,1,1,1,1,1,1
JE Taylor (2006-2017),28,552,769,30,3/6,25.63,8.35,18.4,0,0,0,1,0,1
R Rampaul (2007-2015),23,495,705,29,3/16,24.31,8.51,17.1,0,0,0,0,0,0
KA Pollard (2008-2017),36,486,669,23,3/30,29.08,8.25,21.1,0,0,0,0,0,0
MN Samuels (2007-2017),29,"475,2",615,22,3/23,27.95,7.75,21.6,0,0,0,0,0,0
AD Russell (2011-2016),36,"510,6",787,21,2/10,37.47,9.24,24.3,0,0,0,0,0,1
KOK Williams (2016-2017),10,"211,8",234,19,3/11,12.31,6.59,11.2,0,0,0,0,0,0
SJ Benn (2008-2016),24,504,606,18,4/6,33.66,7.21,28.0,1,0,0,0,1,0
CR Brathwaite (2011-2017),21,366,504,18,3/20,28.00,8.26,20.3,0,0,0,0,0,0
K Santokie (2011-2014),12,243,278,18,4/21,15.44,6.80,13.6,1,0,0,0,0,0
CH Gayle (2006-2017),23,"318,6",377,17,2/15,22.17,7.09,18.7,0,0,0,0,0,0
FH Edwards (2007-2012),20,360,497,16,3/23,31.06,8.28,22.5,0,0,0,0,0,0
NO Miller (2009-2014),9,"188,4",224,11,2/20,20.36,7.07,17.2,0,0,0,0,0,0
KAJ Roach (2008-2012),11,234,284,10,2/25,28.40,7.28,23.4,0,0,0,0,0,0
SS Cottrell (2014-2015),6,"120,6",183,8,3/28,22.87,9.07,15.1,0,0,0,0,0,0
JO Holder (2014-2017),8,"162,6",230,7,2/27,32.85,8.46,23.2,0,0,0,0,0,0
DR Smith (2006-2015),11,"140,4",212,7,3/24,30.28,8.95,20.2,0,0,0,0,0,0
TL Best (2013-2014),6,120,154,6,3/18,25.66,7.70,20.0,0,0,0,0,0,0
D Bishoo (2011-2015),5,"98,4",109,6,4/17,18.16,6.54,16.6,1,0,0,0,0,0
LMP Simmons (2007-2017),3,36,55,6,4/19,9.16,9.16,6.0,1,0,0,0,0,0
GE Mathurin (2011-2012),3,60,65,4,3/9,16.25,6.50,15.0,0,0,0,0,0,0
ST Gabriel (2013-2013),2,42,56,3,3/44,18.66,8.00,14.0,0,0,0,0,0,0
LS Baker (2008-2009),3,48,58,2,1/12,29.00,7.25,24.0,0,0,0,0,0,0
DBL Powell (2007-2007),5,102,131,2,1/6,65.50,7.70,51.0,0,0,0,0,0,0
RR Sarwan (2007-2010),1,12,10,2,2/10,5.00,5.00,6.0,0,0,0,0,0,0
CD Barnwell (2011-2013),4,36,51,1,1/24,51.00,8.50,36.0,0,0,0,0,0,0
A Martin (2011-2011),1,18,20,1,1/20,20.00,6.66,18.0,0,0,0,0,0,0
AR Nurse (2011-2017),5,96,125,1,1/23,125.00,7.81,96.0,0,0,0,0,0,0
R Powell (2017-2017),1,18,20,1,1/20,20.00,6.66,18.0,0,0,0,0,0,0
GC Tonge (2009-2009),1,24,25,1,1/25,25.00,6.25,24.0,0,0,0,0,0,0
DE Bernard (2009-2009),1,24,17,0,-,-,4.25,-,0,0,0,0,0,0
NE Bonner (2011-2012),1,12,18,0,-,-,9.00,-,0,0,0,0,0,0
IDR Bradshaw (2006-2006),1,24,22,0,-,-,5.50,-,0,0,0,0,0,0
DK Butler (2006-2006),1,18,22,0,-,-,7.33,-,0,0,0,0,0,0
N Deonarine (2010-2013),4,54,87,0,-,-,9.66,-,0,0,0,0,0,0
RN Lewis (2008-2008),1,6,9,0,-,-,9.00,-,0,0,0,0,0,0
JN Mohammed (2017-2017),1,6,5,0,-,-,5.00,-,0,0,0,0,0,0
AB Barath (2010-2011),-,,-,-,-,-,-,-,-,-,0,0,0,0
MC Bascombe (2011-2011),-,,-,-,-,-,-,-,-,-,0,0,0,0
CS Baugh (2008-2012),-,,-,-,-,-,-,-,-,-,0,0,0,0
DM Bravo (2010-2014),-,,-,-,-,-,-,-,-,-,0,0,0,0
S Chanderpaul (2006-2010),-,,-,-,-,-,-,-,-,-,0,0,0,0
J Charles (2011-2016),-,,-,-,-,-,-,-,-,-,0,0,0,0
DO Christian (2011-2011),-,,-,-,-,-,-,-,-,-,0,0,0,0
TM Dowlin (2009-2010),-,,-,-,-,-,-,-,-,-,0,0,0,0
SE Findlay (2008-2008),-,,-,-,-,-,-,-,-,-,0,0,0,0
ADS Fletcher (2008-2016),-,,-,-,-,-,-,-,-,-,0,0,0,0
D Ganga (2006-2006),-,,-,-,-,-,-,-,-,-,0,0,0,0
WW Hinds (2006-2010),-,,-,-,-,-,-,-,-,-,0,0,0,0
DP Hyatt (2011-2012),-,,-,-,-,-,-,-,-,-,0,0,0,0
E Lewis (2016-2017),-,,-,-,-,-,-,-,-,-,0,0,0,0
XM Marshall (2008-2009),-,,-,-,-,-,-,-,-,-,0,0,0,0
RS Morton (2006-2010),-,,-,-,-,-,-,-,-,-,0,0,0,0
BA Parchment (2007-2007),-,,-,-,-,-,-,-,-,-,0,0,0,0
WKD Perkins (2008-2008),-,,-,-,-,-,-,-,-,-,0,0,0,0
N Pooran (2016-2016),-,,-,-,-,-,-,-,-,-,0,0,0,0
KOA Powell (2014-2014),-,,-,-,-,-,-,-,-,-,0,0,0,0
D Ramdin (2006-2016),-,,-,-,-,-,-,-,-,-,0,0,0,0
FL Reifer (2009-2009),-,,-,-,-,-,-,-,-,-,0,0,0,0
ACL Richards (2007-2007),-,,-,-,-,-,-,-,-,-,0,0,0,0
DM Richards (2009-2009),-,,-,-,-,-,-,-,-,-,0,0,0,0
DS Smith (2007-2009),-,,-,-,-,-,-,-,-,-,0,0,0,0
DC Thomas (2009-2013),-,,-,-,-,-,-,-,-,-,0,0,0,0
CAK Walton (2014-2017),-,,-,-,-,-,-,-,-,-,0,0,0,0
NL McCullum (2007-2016),59,"1122,6",1278,58,4/16,22.03,6.82,19.3,2,0,1,1,1,1
TG Southee (2008-2017),40,882,1286,48,5/18,26.79,8.74,18.3,0,1,1,1,0,1
KD Mills (2005-2014),42,"895,8",1228,43,3/26,28.55,8.21,20.8,0,0,1,1,0,1
DL Vettori (2007-2014),34,"786,6",748,38,4/20,19.68,5.70,20.7,1,0,0,1,1,1
MJ McClenaghan (2012-2016),28,"589,2",758,30,3/17,25.26,7.70,19.6,0,0,0,1,1,1
TA Boult (2013-2017),17,372,506,26,4/34,19.46,8.16,14.3,1,0,0,0,0,0
IS Sodhi (2014-2017),15,"326,4",377,26,3/18,14.50,6.89,12.6,0,0,0,0,0,0
SE Bond (2005-2010),20,"463,8",543,25,3/18,21.72,7.00,18.6,0,0,0,0,0,0
IG Butler (2009-2013),18,"356,4",481,23,3/19,20.91,8.06,15.5,0,0,0,0,0,0
AF Milne (2010-2017),19,"396,6",488,21,4/37,23.23,7.37,18.9,1,0,0,0,0,0
MJ Santner (2015-2017),17,"354,6",404,21,4/11,19.23,6.82,16.9,1,0,0,0,0,0
JEC Franklin (2006-2013),26,"325,8",417,20,4/15,20.85,7.65,16.3,1,0,0,0,0,0
JDP Oram (2005-2012),32,546,793,19,3/33,41.73,8.71,28.7,0,0,0,0,0,0
SB Styris (2005-2010),21,"307,8",349,18,3/5,19.38,6.77,17.1,0,0,0,0,0,0
DAJ Bracewell (2011-2015),14,"260,4",408,17,3/25,24.00,9.34,15.4,0,0,0,0,0,0
JS Patel (2005-2008),10,"198,6",269,16,3/20,16.81,8.11,12.4,0,0,0,0,0,0
CJ Anderson (2012-2017),21,360,495,14,2/17,35.35,8.25,25.7,0,0,0,0,0,0
GD Elliott (2009-2016),14,180,218,14,4/22,15.57,7.26,12.8,1,0,0,0,0,0
JDS Neesham (2012-2017),13,"194,4",259,11,3/16,23.54,7.92,17.8,0,0,0,0,0,0
MR Gillespie (2006-2008),10,210,255,10,4/7,25.50,7.28,21.0,1,0,0,0,0,0
RM Hira (2012-2013),13,"253,2",337,10,2/42,33.70,7.96,25.4,0,0,0,0,0,0
MJ Henry (2014-2017),6,132,191,7,3/44,27.28,8.68,18.8,0,0,0,0,0,0
CS Martin (2007-2008),6,138,193,7,2/14,27.57,8.39,19.7,0,0,0,0,0,0
"IE O'Brien (2009-2009)",4,78,116,6,2/30,19.33,8.92,13.0,0,0,0,0,0,0
KS Williamson (2011-2017),11,"110,4",148,6,2/16,24.66,7.92,18.6,0,0,0,0,0,0
RJ Nicol (2010-2013),13,"121,8",167,5,2/20,33.40,8.14,24.6,0,0,0,0,0,0
BM Wheeler (2017-2017),4,"84,6",116,5,2/16,23.20,8.18,17.0,0,0,0,0,0,0
NJ Astle (2005-2006),2,39,50,4,3/20,12.50,7.31,10.2,0,0,0,0,0,0
MD Bates (2012-2012),3,66,107,4,3/31,26.75,9.72,16.5,0,0,0,0,0,0
AR Adams (2005-2006),4,75,105,3,2/20,35.00,8.18,25.6,0,0,0,0,0,0
C de Grandhomme (2012-2017),6,84,126,3,2/22,42.00,9.00,28.0,0,0,0,0,0,0
LH Ferguson (2017-2017),1,24,32,3,3/32,10.66,8.00,8.0,0,0,0,0,0,0
DR Tuffey (2005-2010),3,60,93,3,2/16,31.00,9.30,20.0,0,0,0,0,0,0
AP Devcich (2013-2014),4,72,80,2,2/16,40.00,6.66,36.0,0,0,0,0,0,0
AM Ellis (2012-2013),4,60,105,2,2/40,52.50,10.50,30.0,0,0,0,0,0,0
PA Hitchcock (2008-2008),1,18,43,2,2/43,21.50,14.33,9.0,0,0,0,0,0,0
AJ McKay (2010-2010),2,"32,4",31,2,2/20,15.50,5.47,17.0,0,0,0,0,0,0
MJ Mason (2006-2008),3,54,65,2,1/18,32.50,7.22,27.0,0,0,0,0,0,0
AJ Redmond (2009-2010),1,15,24,2,2/24,12.00,8.47,8.5,0,0,0,0,0,0
JD Ryder (2008-2014),5,60,68,2,1/2,34.00,6.80,30.0,0,0,0,0,0,0
GW Aldridge (2011-2011),1,24,45,1,1/45,45.00,11.25,24.0,0,0,0,0,0,0
CL Cairns (2005-2006),2,48,52,1,1/28,52.00,6.50,48.0,0,0,0,0,0,0
C Munro (2012-2017),5,48,78,1,1/23,78.00,9.75,48.0,0,0,0,0,0,0
EP Thompson (2008-2008),1,18,18,1,1/18,18.00,6.00,18.0,0,0,0,0,0,0
LJ Woodcock (2010-2011),3,60,70,1,1/30,70.00,7.00,60.0,0,0,0,0,0,0
GH Worker (2015-2015),1,12,19,1,1/19,19.00,9.50,12.0,0,0,0,0,0,0
TD Astle (2016-2016),2,24,41,0,-,-,10.25,-,0,0,0,0,0,0
BJ Diamanti (2009-2009),1,12,19,0,-,-,9.50,-,0,0,0,0,0,0
DR Flynn (2008-2012),1,6,7,0,-,-,7.00,-,0,0,0,0,0,0
MJ Guptill (2009-2017),1,6,11,0,-,-,11.00,-,0,0,0,0,0,0
JW Wilson (2005-2005),1,24,43,0,-,-,10.75,-,0,0,0,0,0,0
TA Blundell (2017-2017),-,,-,-,-,-,-,-,-,-,0,0,0,0
NT Broom (2009-2017),-,,-,-,-,-,-,-,-,-,0,0,0,0
DG Brownlie (2010-2014),-,,-,-,-,-,-,-,-,-,0,0,0,0
TC Bruce (2017-2017),-,,-,-,-,-,-,-,-,-,0,0,0,0
SP Fleming (2005-2006),-,,-,-,-,-,-,-,-,-,0,0,0,0
PG Fulton (2006-2012),-,,-,-,-,-,-,-,-,-,0,0,0,0
GJ Hopkins (2007-2010),-,,-,-,-,-,-,-,-,-,0,0,0,0
JM How (2007-2008),-,,-,-,-,-,-,-,-,-,0,0,0,0
PJ Ingram (2010-2010),-,,-,-,-,-,-,-,-,-,0,0,0,0
TWM Latham (2012-2017),-,,-,-,-,-,-,-,-,-,0,0,0,0
BB McCullum (2005-2015),-,,-,-,-,-,-,-,-,-,0,0,0,0
PD McGlashan (2006-2010),-,,-,-,-,-,-,-,-,-,0,0,0,0
CD McMillan (2005-2007),-,,-,-,-,-,-,-,-,-,0,0,0,0
HJH Marshall (2005-2006),-,,-,-,-,-,-,-,-,-,0,0,0,0
JAH Marshall (2005-2008),-,,-,-,-,-,-,-,-,-,0,0,0,0
HM Nicholls (2016-2017),-,,-,-,-,-,-,-,-,-,0,0,0,0
GD Phillips (2017-2017),-,,-,-,-,-,-,-,-,-,0,0,0,0
L Ronchi (2013-2017),-,,-,-,-,-,-,-,-,-,0,0,0,0
HD Rutherford (2013-2013),-,,-,-,-,-,-,-,-,-,0,0,0,0
MS Sinclair (2005-2007),-,,-,-,-,-,-,-,-,-,0,0,0,0
LRPL Taylor (2006-2016),-,,-,-,-,-,-,-,-,-,0,0,0,0
L Vincent (2006-2007),-,,-,-,-,-,-,-,-,-,0,0,0,0
BJ Watling (2009-2014),-,,-,-,-,-,-,-,-,-,0,0,0,0
R Ashwin (2010-2017),46,1026,1193,52,4/8,22.94,6.97,19.7,2,0,1,1,1,1
JJ Bumrah (2016-2017),30,"654,6",736,40,3/11,18.40,6.74,16.3,0,0,0,1,1,1
A Nehra (2009-2017),27,588,758,34,3/19,22.29,7.73,17.2,0,0,0,1,1,1
RA Jadeja (2009-2017),40,"810,6",983,31,3/48,31.70,7.27,26.1,0,0,0,0,1,0
IK Pathan (2006-2012),23,462,618,28,3/16,22.07,8.02,16.5,0,0,0,0,0,0
Yuvraj Singh (2007-2017),31,"422,4",499,28,3/17,17.82,7.06,15.1,0,0,0,0,0,0
Harbhajan Singh (2006-2016),27,612,633,25,4/12,25.32,6.20,24.4,1,0,0,1,1,1
B Kumar (2012-2017),23,"482,4",551,21,3/9,26.23,6.83,23.0,0,0,0,0,0,0
YS Chahal (2016-2017),12,"271,8",339,18,6/25,18.83,7.45,15.1,0,1,0,0,0,0
AB Dinda (2009-2012),9,180,245,17,4/19,14.41,8.16,10.5,1,0,0,0,0,0
Z Khan (2006-2012),17,"350,4",448,17,4/19,26.35,7.63,20.7,1,0,0,0,0,0
HH Pandya (2016-2017),23,"343,8",471,17,3/8,27.70,8.19,20.2,0,0,0,0,0,0
A Mishra (2010-2017),10,228,240,16,3/24,15.00,6.31,14.2,0,0,0,0,0,0
RP Singh (2007-2009),9,198,225,15,4/13,15.00,6.81,13.2,1,0,0,0,0,0
YK Pathan (2007-2012),17,303,438,13,2/22,33.69,8.61,23.4,0,0,0,0,0,0
SK Raina (2006-2017),24,"312,6",395,12,2/6,32.91,7.57,26.0,0,0,0,0,0,0
L Balaji (2012-2012),5,96,121,10,3/19,12.10,7.56,9.6,0,0,0,0,0,0
PP Ojha (2009-2010),6,126,132,10,4/21,13.20,6.28,12.6,1,0,0,0,0,0
R Vinay Kumar (2010-2013),9,"187,8",247,10,3/24,24.70,7.84,18.9,0,0,0,0,0,0
AR Patel (2015-2017),10,228,249,9,3/17,27.66,6.55,25.3,0,0,0,0,0,0
P Kumar (2008-2012),10,156,193,8,2/14,24.12,7.42,19.5,0,0,0,0,0,0
Mohammed Shami (2014-2017),7,"140,4",250,8,3/38,31.25,10.56,17.7,0,0,0,0,0,0
I Sharma (2008-2013),14,"277,2",400,8,2/34,50.00,8.63,34.7,0,0,0,0,0,0
S Sreesanth (2006-2008),9,204,288,7,2/12,41.14,8.47,29.1,0,0,0,0,0,0
Kuldeep Yadav (2017-2017),5,102,126,6,2/16,21.00,7.41,17.0,0,0,0,0,0,0
MM Sharma (2014-2015),8,138,185,6,2/28,30.83,8.04,23.0,0,0,0,0,0,0
BB Sran (2016-2016),2,48,41,6,4/10,6.83,5.12,8.0,1,0,0,0,0,0
PP Chawla (2010-2012),7,138,151,4,2/13,37.75,6.56,34.5,0,0,0,0,0,0
Joginder Sharma (2007-2007),4,"85,8",138,4,2/20,34.50,9.51,21.7,0,0,0,0,0,0
V Kohli (2010-2017),12,"145,2",198,4,1/13,49.50,8.13,36.5,0,0,0,0,0,0
MM Patel (2011-2011),3,60,86,4,2/25,21.50,8.60,15.0,0,0,0,0,0,0
AB Agarkar (2006-2007),3,"61,8",85,3,2/10,28.33,8.09,21.0,0,0,0,0,0,0
DS Kulkarni (2016-2016),2,48,55,3,2/23,18.33,6.87,16.0,0,0,0,0,0,0
R Sharma (2012-2012),2,"43,2",56,3,2/29,18.66,7.63,14.6,0,0,0,0,0,0
S Aravind (2015-2015),1,"20,4",44,1,1/44,44.00,12.00,22.0,0,0,0,0,0,0
STR Binny (2015-2016),3,30,54,1,1/14,54.00,10.80,30.0,0,0,0,0,0,0
R Dhawan (2016-2016),1,24,42,1,1/42,42.00,10.50,24.0,0,0,0,0,0,0
Mohammed Siraj (2017-2017),1,24,53,1,1/53,53.00,13.25,24.0,0,0,0,0,0,0
P Negi (2016-2016),1,18,16,1,1/16,16.00,5.33,18.0,0,0,0,0,0,0
Parvez Rasool (2017-2017),1,24,32,1,1/32,32.00,8.00,24.0,0,0,0,0,0,0
Sandeep Sharma (2015-2015),2,42,73,1,1/39,73.00,10.42,42.0,0,0,0,0,0,0
KV Sharma (2014-2014),1,24,28,1,1/28,28.00,7.00,24.0,0,0,0,0,0,0
RG Sharma (2007-2017),9,"67,2",113,1,1/22,113.00,9.97,68.0,0,0,0,0,0,0
SR Tendulkar (2006-2006),1,"13,8",12,1,1/12,12.00,4.80,15.0,0,0,0,0,0,0
UT Yadav (2012-2012),1,18,24,1,1/24,24.00,8.00,18.0,0,0,0,0,0,0
P Awana (2012-2012),2,36,71,0,-,-,11.83,-,0,0,0,0,0,0
M Kartik (2007-2007),1,24,27,0,-,-,6.75,-,0,0,0,0,0,0
V Sehwag (2006-2012),1,6,20,0,-,-,20.00,-,0,0,0,0,0,0
S Tyagi (2009-2009),1,12,21,0,-,-,10.50,-,0,0,0,0,0,0
JD Unadkat (2016-2016),1,24,43,0,-,-,10.75,-,0,0,0,0,0,0
M Vijay (2010-2015),1,12,9,0,-,-,4.50,-,0,0,0,0,0,0
S Badrinath (2011-2011),-,,-,-,-,-,-,-,-,-,0,0,0,0
S Dhawan (2011-2017),-,,-,-,-,-,-,-,-,-,0,0,0,0
MS Dhoni (2006-2017),-,,-,-,-,-,-,-,-,-,0,0,0,0
R Dravid (2011-2011),-,,-,-,-,-,-,-,-,-,0,0,0,0
G Gambhir (2007-2012),-,,-,-,-,-,-,-,-,-,0,0,0,0
SS Iyer (2017-2017),-,,-,-,-,-,-,-,-,-,0,0,0,0
KM Jadhav (2015-2017),-,,-,-,-,-,-,-,-,-,0,0,0,0
KD Karthik (2006-2017),-,,-,-,-,-,-,-,-,-,0,0,0,0
Mandeep Singh (2016-2016),-,,-,-,-,-,-,-,-,-,0,0,0,0
D Mongia (2006-2006),-,,-,-,-,-,-,-,-,-,0,0,0,0
NV Ojha (2010-2010),-,,-,-,-,-,-,-,-,-,0,0,0,0
MK Pandey (2015-2017),-,,-,-,-,-,-,-,-,-,0,0,0,0
RR Pant (2017-2017),-,,-,-,-,-,-,-,-,-,0,0,0,0
PA Patel (2011-2011),-,,-,-,-,-,-,-,-,-,0,0,0,0
AM Rahane (2011-2016),-,,-,-,-,-,-,-,-,-,0,0,0,0
KL Rahul (2016-2017),-,,-,-,-,-,-,-,-,-,0,0,0,0
AT Rayudu (2014-2016),-,,-,-,-,-,-,-,-,-,0,0,0,0
SV Samson (2015-2015),-,,-,-,-,-,-,-,-,-,0,0,0,0
MK Tiwary (2011-2012),-,,-,-,-,-,-,-,-,-,0,0,0,0
RV Uthappa (2007-2015),-,,-,-,-,-,-,-,-,-,0,0,0,0
Shahid Afridi (2006-2016),96,"2143,2",2362,97,4/11,24.35,6.61,22.1,3,0,1,1,1,1
Saeed Ajmal (2009-2015),63,"1429,2",1516,85,4/19,17.83,6.36,16.8,4,0,1,1,1,1
Umar Gul (2007-2016),60,"1201,8",1443,85,5/6,16.97,7.19,14.1,4,2,1,1,1,1
Sohail Tanvir (2007-2017),57,"1213,2",1454,54,3/12,26.92,7.18,22.4,0,0,1,1,1,1
Mohammad Hafeez (2006-2017),61,"1051,2",1170,49,4/10,23.87,6.67,21.4,1,0,1,1,1,1
Mohammad Amir (2009-2017),32,714,822,38,4/13,21.63,6.90,18.7,1,0,0,1,1,1
Wahab Riaz (2008-2017),27,"541,8",723,28,3/18,25.82,7.98,19.3,0,0,0,1,1,1
Imad Wasim (2015-2017),25,540,547,27,5/14,20.25,6.07,20.0,1,1,0,1,1,1
Shoaib Malik (2006-2017),42,498,576,25,2/7,23.04,6.93,19.9,0,0,0,0,0,0
Mohammad Sami (2010-2016),13,276,387,21,3/16,18.42,8.41,13.1,0,0,0,0,0,0
Abdul Razzaq (2006-2013),22,"337,8",395,20,3/13,19.75,6.99,16.9,0,0,0,0,0,0
Shoaib Akhtar (2006-2010),15,318,432,19,3/38,22.73,8.15,16.7,0,0,0,0,0,0
Hasan Ali (2016-2017),12,"265,8",362,18,3/23,20.11,8.13,14.8,0,0,0,0,0,0
Yasir Arafat (2007-2012),13,"235,2",316,16,3/18,19.75,8.03,14.7,0,0,0,0,0,0
Mohammad Irfan (2012-2016),20,"415,8",504,15,2/18,33.60,7.25,27.8,0,0,0,0,0,0
Shadab Khan (2017-2017),10,213,233,14,4/14,16.64,6.50,15.3,1,0,0,0,0,0
Mohammad Asif (2006-2010),11,255,343,13,4/18,26.38,8.00,19.7,1,0,0,0,0,0
Zulfiqar Babar (2013-2014),7,156,185,12,3/23,15.41,7.11,13.0,0,0,0,0,0,0
Abdur Rehman (2007-2013),8,156,192,11,2/7,17.45,7.38,14.1,0,0,0,0,0,0
Anwar Ali (2008-2016),15,"264,6",367,10,2/27,36.70,8.30,26.5,0,0,0,0,0,0
Raza Hasan (2012-2014),10,228,219,10,2/14,21.90,5.76,22.8,0,0,0,0,0,0
Aizaz Cheema (2011-2012),5,102,116,8,4/30,14.50,6.82,12.7,1,0,0,0,0,0
Fawad Alam (2007-2010),6,90,95,8,3/7,11.87,6.33,11.2,0,0,0,0,0,0
Junaid Khan (2011-2014),9,162,236,8,3/24,29.50,8.74,20.2,0,0,0,0,0,0
Faheem Ashraf (2017-2017),4,60,48,6,3/16,8.00,4.80,10.0,0,0,0,0,0,0
Bilawal Bhatti (2013-2015),9,156,255,5,2/36,51.00,9.80,31.2,0,0,0,0,0,0
Naved-ul-Hasan (2006-2010),4,"84,6",101,5,3/19,20.20,7.12,17.0,0,0,0,0,0,0
Sohail Khan (2008-2017),5,90,123,5,2/13,24.60,8.20,18.0,0,0,0,0,0,0
Mohammad Nawaz (3) (2016-2017),7,120,147,4,1/16,36.75,7.35,30.0,0,0,0,0,0,0
Rumman Raees (2016-2017),5,105,128,4,2/37,32.00,7.17,26.7,0,0,0,0,0,0
Mansoor Amjad (2008-2008),1,6,3,3,3/3,1.00,3.00,2.0,0,0,0,0,0,0
Usman Khan (2013-2017),6,96,135,3,2/20,45.00,8.43,32.0,0,0,0,0,0,0
Younis Khan (2006-2010),1,"20,4",18,3,3/18,6.00,4.90,7.3,0,0,0,0,0,0
Imran Khan (1) (2015-2015),3,72,106,2,2/35,53.00,8.83,36.0,0,0,0,0,0,0
Aamer Yamin (2015-2015),1,12,12,1,1/12,12.00,6.00,12.0,0,0,0,0,0,0
Iftikhar Anjum (2007-2009),2,48,67,1,1/34,67.00,8.37,48.0,0,0,0,0,0,0
Tanvir Ahmed (2010-2010),1,18,13,1,1/13,13.00,4.33,18.0,0,0,0,0,0,0
Abdur Rauf (2008-2008),1,18,21,0,-,-,7.00,-,0,0,0,0,0,0
Ahmed Shehzad (2009-2017),1,6,10,0,-,-,10.00,-,0,0,0,0,0,0
Asad Ali (2013-2013),2,24,33,0,-,-,8.25,-,0,0,0,0,0,0
Saad Nasim (2014-2014),1,6,12,0,-,-,12.00,-,0,0,0,0,0,0
Shabbir Ahmed (2007-2007),1,12,19,0,-,-,9.50,-,0,0,0,0,0,0
Sohaib Maqsood (2013-2016),1,6,12,0,-,-,12.00,-,0,0,0,0,0,0
Yasir Shah (2011-2011),2,24,39,0,-,-,9.75,-,0,0,0,0,0,0
Asad Shafiq (2010-2012),-,,-,-,-,-,-,-,-,-,0,0,0,0
Awais Zia (2012-2014),-,,-,-,-,-,-,-,-,-,0,0,0,0
Babar Azam (2016-2017),-,,-,-,-,-,-,-,-,-,0,0,0,0
Fakhar Zaman (2017-2017),-,,-,-,-,-,-,-,-,-,0,0,0,0
Hammad Azam (2012-2013),-,,-,-,-,-,-,-,-,-,0,0,0,0
Haris Sohail (2013-2015),-,,-,-,-,-,-,-,-,-,0,0,0,0
Iftikhar Ahmed (2016-2016),-,,-,-,-,-,-,-,-,-,0,0,0,0
Imran Farhat (2010-2011),-,,-,-,-,-,-,-,-,-,0,0,0,0
Imran Nazir (2007-2012),-,,-,-,-,-,-,-,-,-,0,0,0,0
Inzamam-ul-Haq (2006-2006),-,,-,-,-,-,-,-,-,-,0,0,0,0
Kamran Akmal (2006-2017),-,,-,-,-,-,-,-,-,-,0,0,0,0
Khalid Latif (2008-2016),-,,-,-,-,-,-,-,-,-,0,0,0,0
Khurram Manzoor (2016-2016),-,,-,-,-,-,-,-,-,-,0,0,0,0
Misbah-ul-Haq (2007-2012),-,,-,-,-,-,-,-,-,-,0,0,0,0
Mohammad Rizwan (2015-2016),-,,-,-,-,-,-,-,-,-,0,0,0,0
Mohammad Salman (2011-2011),-,,-,-,-,-,-,-,-,-,0,0,0,0
Mohammad Yousuf (2006-2010),-,,-,-,-,-,-,-,-,-,0,0,0,0
Mukhtar Ahmed (2015-2015),-,,-,-,-,-,-,-,-,-,0,0,0,0
Nasir Jamshed (2012-2013),-,,-,-,-,-,-,-,-,-,0,0,0,0
Nauman Anwar (2015-2015),-,,-,-,-,-,-,-,-,-,0,0,0,0
Rafatullah Mohmand (2015-2015),-,,-,-,-,-,-,-,-,-,0,0,0,0
Rameez Raja (2) (2011-2011),-,,-,-,-,-,-,-,-,-,0,0,0,0
Salman Butt (2007-2010),-,,-,-,-,-,-,-,-,-,0,0,0,0
Sarfraz Ahmed (2010-2017),-,,-,-,-,-,-,-,-,-,0,0,0,0
Shahzaib Hasan (2009-2010),-,,-,-,-,-,-,-,-,-,0,0,0,0
Shakeel Ansar (2012-2012),-,,-,-,-,-,-,-,-,-,0,0,0,0
Sharjeel Khan (2013-2016),-,,-,-,-,-,-,-,-,-,0,0,0,0
Shoaib Khan jnr (2008-2008),-,,-,-,-,-,-,-,-,-,0,0,0,0
Umar Akmal (2009-2016),-,,-,-,-,-,-,-,-,-,0,0,0,0
Umar Amin (2013-2017),-,,-,-,-,-,-,-,-,-,0,0,0,0
Zulqarnain Haider (2007-2010),-,,-,-,-,-,-,-,-,-,0,0,0,0
SL Malinga (2006-2017),68,1449,1780,90,5/31,19.77,7.36,16.1,1,1,1,1,1,1
KMDN Kulasekara (2008-2017),58,"1230,6",1530,66,4/31,23.18,7.45,18.6,2,0,1,1,1,1
BAW Mendis (2008-2014),39,"883,8",952,66,6/8,14.42,6.45,13.4,3,2,1,1,1,1
NLTC Perera (2010-2017),48,"752,4",1113,39,3/24,28.53,8.85,19.3,0,0,0,1,0,1
AD Mathews (2009-2017),55,"936,6",1066,36,3/16,29.61,6.82,26.0,0,0,0,1,1,0
SMSM Senanayake (2012-2016),23,486,549,25,4/46,21.96,6.77,19.4,1,0,0,0,0,0
ST Jayasuriya (2006-2011),24,369,456,19,3/21,24.00,7.37,19.5,0,0,0,0,0,0
CRD Fernando (2006-2016),18,378,464,18,3/19,25.77,7.36,21.0,0,0,0,0,0,0
HMRKB Herath (2011-2016),17,363,373,18,5/3,20.72,6.13,20.2,0,1,0,0,0,0
M Muralitharan (2006-2010),12,282,297,13,3/29,22.84,6.31,21.6,0,0,0,0,0,0
I Udana (2009-2017),13,"271,8",381,11,3/13,34.63,8.37,24.8,0,0,0,0,0,0
PVD Chameera (2015-2016),13,"270,6",359,10,3/30,35.90,7.94,27.1,0,0,0,0,0,0
S Prasanna (2013-2017),18,300,359,10,2/45,35.90,7.18,30.0,0,0,0,0,0,0
TM Dilshan (2006-2016),25,258,313,9,2/4,34.77,7.27,28.6,0,0,0,0,0,0
JRMVB Sanjaya (2017-2017),8,171,250,9,2/20,27.77,8.67,19.2,0,0,0,0,0,0
TAM Siriwardana (2015-2017),13,138,206,8,2/17,25.75,8.95,17.2,0,0,0,0,0,0
A Dananjaya (2012-2017),6,108,123,7,2/9,17.57,6.83,15.4,0,0,0,0,0,0
S Randiv (2010-2011),7,126,139,7,3/20,19.85,6.61,18.0,0,0,0,0,0,0
RAS Lakmal (2011-2017),9,"170,4",273,7,2/26,39.00,9.52,24.5,0,0,0,0,0,0
MF Maharoof (2006-2016),8,162,199,7,2/18,28.42,7.37,23.1,0,0,0,0,0,0
T Thushara (2008-2010),6,132,179,7,2/37,25.57,8.13,18.8,0,0,0,0,0,0
BMAJ Mendis (2011-2013),8,108,116,6,3/24,19.33,6.44,18.0,0,0,0,0,0,0
PADLR Sandakan (2017-2017),3,72,76,6,4/23,12.66,6.33,12.0,1,0,0,0,0,0
MD Shanaka (2015-2017),10,"97,2",128,6,3/16,21.33,7.83,16.3,0,0,0,0,0,0
WPUJC Vaas (2006-2007),6,132,128,6,2/14,21.33,5.81,22.0,0,0,0,0,0,0
DAS Gunaratne (2016-2017),9,141,183,5,1/11,36.60,7.67,28.6,0,0,0,0,0,0
SS Pathirana (2016-2017),5,93,119,5,2/23,23.80,7.51,19.0,0,0,0,0,0,0
HMCM Bandara (2006-2009),4,84,96,4,3/32,24.00,6.85,21.0,0,0,0,0,0,0
JDF Vandersay (2015-2016),7,144,177,4,2/26,44.25,7.37,36.0,0,0,0,0,0,0
K Weeraratne (2008-2009),5,90,126,4,4/19,31.50,8.40,22.5,1,0,0,0,0,0
RMS Eranga (2012-2013),3,66,90,3,2/30,30.00,8.18,22.0,0,0,0,0,0,0
B Fernando (2015-2015),2,"43,2",71,3,2/33,23.66,9.68,14.6,0,0,0,0,0,0
GSNFG Jayasuriya (2015-2016),7,99,146,3,1/11,48.66,8.67,33.6,0,0,0,0,0,0
MDK Perera (2011-2011),3,60,72,3,3/26,24.00,7.20,20.0,0,0,0,0,0,0
CAK Rajitha (2016-2016),3,66,120,3,3/29,40.00,10.90,22.0,0,0,0,0,0,0
LHD Dilhara (2008-2008),2,30,30,2,2/6,15.00,6.00,15.0,0,0,0,0,0,0
KS Lokuarachchi (2012-2012),2,36,48,2,2/31,24.00,8.00,18.0,0,0,0,0,0,0
G Wijekoon (2007-2007),3,66,101,2,1/12,50.50,9.18,33.0,0,0,0,0,0,0
DM de Silva (2015-2017),3,24,23,1,1/3,23.00,5.75,24.0,0,0,0,0,0,0
J Mubarak (2007-2009),2,"7,2",17,1,1/9,17.00,12.75,8.0,0,0,0,0,0,0
EMDY Munaweera (2012-2017),5,60,92,1,1/26,92.00,9.20,60.0,0,0,0,0,0,0
M Pushpakumara (2009-2009),1,18,27,1,1/27,27.00,9.00,18.0,0,0,0,0,0,0
RLB Rambukwella (2013-2016),2,"37,8",46,1,1/19,46.00,7.07,39.0,0,0,0,0,0,0
LPC Silva (2006-2011),2,18,15,1,1/4,15.00,5.00,18.0,0,0,0,0,0,0
UWMBCA Welegedara (2010-2010),2,36,61,1,1/21,61.00,10.16,36.0,0,0,0,0,0,0
KMC Bandara (2016-2016),1,6,11,0,-,-,11.00,-,0,0,0,0,0,0
PC de Silva (2017-2017),1,6,14,0,-,-,14.00,-,0,0,0,0,0,0
ST de Silva (2017-2017),1,6,10,0,-,-,10.00,-,0,0,0,0,0,0
N Pradeep (2016-2017),2,24,37,0,-,-,9.25,-,0,0,0,0,0,0
MD Gunathilaka (2016-2017),2,18,25,0,-,-,8.33,-,0,0,0,0,0,0
DPMD Jayawardene (2006-2014),1,6,8,0,-,-,8.00,-,0,0,0,0,0,0
AK Perera (2013-2014),1,6,17,0,-,-,17.00,-,0,0,0,0,0,0
PDRL Perera (2006-2006),2,42,77,0,-,-,11.00,-,0,0,0,0,0,0
KTGD Prasad (2011-2011),1,18,37,0,-,-,12.33,-,0,0,0,0,0,0
RP Arnold (2006-2006),-,,-,-,-,-,-,-,-,-,0,0,0,0
MS Atapattu (2006-2006),-,,-,-,-,-,-,-,-,-,0,0,0,0
LD Chandimal (2010-2017),-,,-,-,-,-,-,-,-,-,0,0,0,0
SI de Saram (2009-2009),-,,-,-,-,-,-,-,-,-,0,0,0,0
N Dickwella (2016-2017),-,,-,-,-,-,-,-,-,-,0,0,0,0
CU Jayasinghe (2009-2010),-,,-,-,-,-,-,-,-,-,0,0,0,0
SHT Kandamby (2008-2011),-,,-,-,-,-,-,-,-,-,0,0,0,0
CK Kapugedera (2006-2017),-,,-,-,-,-,-,-,-,-,0,0,0,0
HGJM Kulatunga (2008-2008),-,,-,-,-,-,-,-,-,-,0,0,0,0
BKG Mendis (2016-2017),-,,-,-,-,-,-,-,-,-,0,0,0,0
MDKJ Perera (2013-2017),-,,-,-,-,-,-,-,-,-,0,0,0,0
SMA Priyanjan (2017-2017),-,,-,-,-,-,-,-,-,-,0,0,0,0
RJMGM Rupasinghe (2009-2009),-,,-,-,-,-,-,-,-,-,0,0,0,0
S Samarawickrama (2017-2017),-,,-,-,-,-,-,-,-,-,0,0,0,0
KC Sangakkara (2006-2014),-,,-,-,-,-,-,-,-,-,0,0,0,0
WU Tharanga (2006-2017),-,,-,-,-,-,-,-,-,-,0,0,0,0
HDRL Thirimanne (2012-2016),-,,-,-,-,-,-,-,-,-,0,0,0,0
ML Udawatte (2008-2017),-,,-,-,-,-,-,-,-,-,0,0,0,0
KDK Vithanage (2014-2016),-,,-,-,-,-,-,-,-,-,0,0,0,0
AG Cremer (2008-2016),26,534,622,33,3/11,18.84,6.98,16.1,0,0,0,1,1,1
P Utseya (2006-2015),35,747,858,26,3/25,33.00,6.87,28.8,0,0,0,0,1,0
T Panyangara (2013-2016),14,"301,8",398,20,4/37,19.90,7.88,15.1,1,0,0,0,0,0
SC Williams (2006-2016),23,444,532,17,3/15,31.29,7.18,26.1,0,0,0,0,0,0
E Chigumbura (2006-2016),21,276,427,16,4/31,26.68,9.28,17.2,1,0,0,0,0,0
CB Mpofu (2008-2015),20,426,616,16,3/16,38.50,8.67,26.6,0,0,0,0,0,0
CJ Chibhabha (2006-2016),19,285,396,13,3/18,30.46,8.27,22.0,0,0,0,0,0,0
RW Price (2008-2012),16,"367,8",378,13,2/6,29.07,6.14,28.3,0,0,0,0,0,0
TL Chatara (2010-2016),11,240,308,11,2/21,28.00,7.70,21.8,0,0,0,0,0,0
TS Chisoro (2015-2016),7,168,173,10,3/17,17.30,6.17,16.8,0,0,0,0,0,0
KM Jarvis (2011-2013),9,"192,6",270,10,3/15,27.00,8.39,19.3,0,0,0,0,0,0
DT Tiripano (2016-2016),8,"170,4",218,10,3/20,21.80,7.60,17.2,0,0,0,0,0,0
Sikandar Raza (2013-2016),18,210,282,9,2/7,31.33,8.05,23.3,0,0,0,0,0,0
N Madziva (2015-2016),9,"186,6",279,8,4/34,34.87,8.95,23.3,1,0,0,0,0,0
WP Masakadza (2015-2016),7,150,197,8,4/28,24.62,7.88,18.7,1,0,0,0,0,0
LM Jongwe (2015-2016),7,"127,2",211,7,2/24,30.14,9.89,18.2,0,0,0,0,0,0
T Muzarabani (2015-2016),9,180,280,6,2/31,46.66,9.33,30.0,0,0,0,0,0,0
GB Brent (2006-2007),3,66,93,4,2/19,23.25,8.45,16.5,0,0,0,0,0,0
GA Lamb (2010-2010),5,"72,6",80,4,2/14,20.00,6.57,18.2,0,0,0,0,0,0
SW Masakadza (2010-2013),7,"115,8",211,4,2/39,52.75,10.82,29.2,0,0,0,0,0,0
"N M'shangwe (2013-2014)",5,96,142,4,2/33,35.50,8.87,24.0,0,0,0,0,0,0
BV Vitori (2012-2016),11,"236,4",323,4,1/24,80.75,8.14,59.5,0,0,0,0,0,0
KM Dabengwa (2006-2010),7,66,106,2,1/1,53.00,9.63,33.0,0,0,0,0,0,0
H Masakadza (2006-2016),9,72,113,2,1/4,56.50,9.41,36.0,0,0,0,0,0,0
CT Mutombodzi (2013-2016),3,60,81,2,2/28,40.50,8.10,30.0,0,0,0,0,0,0
AJ Ireland (2006-2006),1,18,33,1,1/33,33.00,11.00,18.0,0,0,0,0,0,0
T Maruma (2008-2016),2,18,20,1,1/8,20.00,6.66,18.0,0,0,0,0,0,0
T Mupariwa (2007-2008),4,78,94,1,1/22,94.00,7.23,78.0,0,0,0,0,0,0
BRM Taylor (2006-2014),2,30,17,1,1/16,17.00,3.40,30.0,0,0,0,0,0,0
C Zhuwao (2008-2011),1,"1,2",1,1,1/1,1.00,3.00,2.0,0,0,0,0,0,0
TP Kamungozi (2014-2014),1,12,17,0,-,-,8.50,-,0,0,0,0,0,0
S Matsikenyeri (2006-2012),3,"14,4",23,0,-,-,8.62,-,0,0,0,0,0,0
KO Meth (2012-2012),2,42,64,0,-,-,9.14,-,0,0,0,0,0,0
EC Rainsford (2010-2010),2,36,67,0,-,-,11.16,-,0,0,0,0,0,0
T Taibu (2007-2012),2,24,41,0,-,-,10.25,-,0,0,0,0,0,0
MN Waller (2011-2016),1,6,4,0,-,-,4.00,-,0,0,0,0,0,0
AM Blignaut (2010-2010),-,,-,-,-,-,-,-,-,-,0,0,0,0
RW Chakabva (2008-2015),-,,-,-,-,-,-,-,-,-,0,0,0,0
CK Coventry (2010-2015),-,,-,-,-,-,-,-,-,-,0,0,0,0
CR Ervine (2010-2015),-,,-,-,-,-,-,-,-,-,0,0,0,0
PJ Moor (2016-2016),-,,-,-,-,-,-,-,-,-,0,0,0,0
F Mutizwa (2011-2012),-,,-,-,-,-,-,-,-,-,0,0,0,0
R Mutumbami (2015-2016),-,,-,-,-,-,-,-,-,-,0,0,0,0
ML Nkala (2006-2006),-,,-,-,-,-,-,-,-,-,0,0,0,0
V Sibanda (2007-2016),-,,-,-,-,-,-,-,-,-,0,0,0,0
Ahsan Malik (2012-2017),29,573,730,44,5/19,16.59,7.61,13.0,1,1,1,1,1,1
Mudassar Bukhari (2008-2016),35,"703,2",780,43,4/7,18.13,6.64,16.3,3,0,1,1,1,1
PM Seelaar (2008-2017),30,504,551,26,4/19,21.19,6.55,19.3,1,0,0,1,1,1
T van der Gugten (2012-2017),24,453,529,25,3/18,21.16,6.97,18.2,0,0,0,0,0,0
PW Borren (2008-2017),30,"524,4",603,18,2/19,33.50,6.87,29.2,0,0,0,0,1,0
PA van Meekeren (2013-2017),17,324,330,18,4/11,18.33,6.11,18.0,1,0,0,0,0,0
MJG Rippon (2013-2017),17,"302,4",310,15,3/8,20.66,6.11,20.2,0,0,0,0,0,0
RE van der Merwe (2015-2017),10,216,241,15,2/3,16.06,6.69,14.4,0,0,0,0,0,0
MR Swart (2012-2016),20,318,351,14,2/8,25.07,6.62,22.7,0,0,0,0,0,0
RN ten Doeschate (2008-2010),9,204,241,12,3/23,20.08,7.08,17.0,0,0,0,0,0,0
E Schiferli (2008-2010),6,138,146,6,3/23,24.33,6.34,23.0,0,0,0,0,0,0
LV van Beek (2014-2016),7,102,160,5,3/9,32.00,9.41,20.4,0,0,0,0,0,0
MBS Jonkman (2010-2010),3,48,47,4,2/21,11.75,5.87,12.0,0,0,0,0,0,0
Mohammad Kashif (2010-2010),3,42,55,4,2/28,13.75,7.85,10.5,0,0,0,0,0,0
TLW Cooper (2012-2016),9,102,132,3,2/18,44.00,7.76,34.0,0,0,0,0,0,0
TGJ Gruijters (2012-2013),5,72,74,3,1/5,24.66,6.16,24.0,0,0,0,0,0,0
MB van Schelven (2015-2015),2,42,30,3,2/22,10.00,4.28,14.0,0,0,0,0,0,0
"MP O'Dowd (2015-2017)",4,"38,4",43,2,1/7,21.50,6.45,20.0,0,0,0,0,0,0
VJ Kingma (2016-2016),1,24,32,1,1/32,32.00,8.00,24.0,0,0,0,0,0,0
DP Nannes (2009-2009),2,48,56,1,1/26,56.00,7.00,48.0,0,0,0,0,0,0
DLS van Bunge (2008-2013),2,"13,2",15,1,1/14,15.00,6.42,14.0,0,0,0,0,0,0
HJC Mol (2008-2008),1,"7,8",12,0,-,-,8.00,-,0,0,0,0,0,0
RI Ahmed (2015-2015),-,,-,-,-,-,-,-,-,-,0,0,0,0
W Barresi (2012-2017),-,,-,-,-,-,-,-,-,-,0,0,0,0
AF Buurman (2010-2010),-,,-,-,-,-,-,-,-,-,0,0,0,0
BN Cooper (2013-2017),-,,-,-,-,-,-,-,-,-,0,0,0,0
TN de Grooth (2008-2013),-,,-,-,-,-,-,-,-,-,0,0,0,0
AN Kervezee (2009-2012),-,,-,-,-,-,-,-,-,-,0,0,0,0
GMC Mol (2008-2008),-,,-,-,-,-,-,-,-,-,0,0,0,0
SJ Myburgh (2012-2017),-,,-,-,-,-,-,-,-,-,0,0,0,0
DJ Reekers (2008-2009),-,,-,-,-,-,-,-,-,-,0,0,0,0
JD Schoonheim (2008-2008),-,,-,-,-,-,-,-,-,-,0,0,0,0
Sikander Zulfiqar (2016-2016),-,,-,-,-,-,-,-,-,-,0,0,0,0
J Smits (2008-2009),-,,-,-,-,-,-,-,-,-,0,0,0,0
ES Szwarczynski (2008-2013),-,,-,-,-,-,-,-,-,-,0,0,0,0
TP Visee (2015-2017),-,,-,-,-,-,-,-,-,-,0,0,0,0
B Zuiderent (2009-2010),-,,-,-,-,-,-,-,-,-,0,0,0,0
Aizaz Khan (2014-2017),23,"463,2",530,28,3/10,18.92,6.85,16.5,0,0,0,0,0,0
Nadeem Ahmed (2014-2017),24,"493,8",546,25,4/21,21.84,6.61,19.8,1,0,0,0,0,0
Haseeb Amjad (2014-2016),18,"367,2",453,24,4/16,18.87,7.38,15.3,1,0,0,0,0,0
Tanwir Afzal (2014-2016),21,426,509,19,2/8,26.78,7.16,22.4,0,0,0,0,0,0
Irfan Ahmed (2014-2015),8,162,190,11,3/11,17.27,7.03,14.7,0,0,0,0,0,0
Ehsan Khan (2016-2017),4,"79,8",89,6,2/17,14.83,6.59,13.5,0,0,0,0,0,0
Anshuman Rath (2015-2017),13,198,264,5,3/6,52.80,8.00,39.6,0,0,0,0,0,0
Nizakat Khan (2014-2017),4,78,69,4,3/19,17.25,5.30,19.5,0,0,0,0,0,0
MS Chapman (2014-2016),4,60,77,3,1/10,25.66,7.70,20.0,0,0,0,0,0,0
Tanveer Ahmed (2016-2017),5,"79,8",116,3,2/29,38.66,8.59,27.0,0,0,0,0,0,0
RJ Campbell (2016-2016),3,60,68,2,2/28,34.00,6.80,30.0,0,0,0,0,0,0
Ehsan Nawaz (2014-2017),5,"44,4",79,2,1/22,39.50,10.30,23.0,0,0,0,0,0,0
Najeeb Amar (2014-2014),1,18,29,1,1/29,29.00,9.66,18.0,0,0,0,0,0,0
A Mehmood (2016-2016),1,6,12,0,-,-,12.00,-,0,0,0,0,0,0
Waqas Barkat (2014-2017),1,6,10,0,-,-,10.00,-,0,0,0,0,0,0
Waqas Khan (2014-2017),1,6,12,0,-,-,12.00,-,0,0,0,0,0,0
Anas Khan (2014-2014),-,,-,-,-,-,-,-,-,-,0,0,0,0
JJ Atkinson (2014-2016),-,,-,-,-,-,-,-,-,-,0,0,0,0
Babar Hayat (2014-2017),-,,-,-,-,-,-,-,-,-,0,0,0,0
C Carter (2015-2017),-,,-,-,-,-,-,-,-,-,0,0,0,0
Munir Dar (2014-2014),-,,-,-,-,-,-,-,-,-,0,0,0,0
KD Shah (2014-2016),-,,-,-,-,-,-,-,-,-,0,0,0,0
Shahid Wasif (2016-2017),-,,-,-,-,-,-,-,-,-,0,0,0,0
N Vanua (2015-2017),9,"187,2",219,14,3/26,15.64,6.98,13.4,0,0,0,0,0,0
A Vala (2015-2017),6,93,105,7,2/7,15.00,6.63,13.5,0,0,0,0,0,0
JB Reva (2015-2017),6,"102,6",121,6,2/11,20.16,7.04,17.1,0,0,0,0,0,0
CJA Amini (2015-2016),5,"54,6",63,5,2/13,12.60,6.87,11.0,0,0,0,0,0,0
WT Gavera (2015-2017),6,102,113,5,3/17,22.60,6.64,20.4,0,0,0,0,0,0
MD Dai (2015-2017),9,150,157,4,2/13,39.25,6.28,37.5,0,0,0,0,0,0
CA Soper (2015-2017),5,"78,6",70,4,3/13,17.50,5.31,19.7,0,0,0,0,0,0
P Raho (2016-2016),2,18,20,3,3/11,6.66,6.66,6.0,0,0,0,0,0,0
N Pokana (2016-2016),3,30,30,2,1/5,15.00,6.00,15.0,0,0,0,0,0,0
L Nou (2015-2015),3,60,65,1,1/24,65.00,6.50,60.0,0,0,0,0,0,0
S Bau (2016-2017),2,12,18,0,-,-,9.00,-,0,0,0,0,0,0
H Hiri (2016-2016),1,6,5,0,-,-,5.00,-,0,0,0,0,0,0
A Nao (2017-2017),2,30,49,0,-,-,9.80,-,0,0,0,0,0,0
D Bau (2017-2017),-,,-,-,-,-,-,-,-,-,0,0,0,0
VV Morea (2015-2017),-,,-,-,-,-,-,-,-,-,0,0,0,0
K Pala (2015-2015),-,,-,-,-,-,-,-,-,-,0,0,0,0
L Siaka (2015-2017),-,,-,-,-,-,-,-,-,-,0,0,0,0
TP Ura (2015-2017),-,,-,-,-,-,-,-,-,-,0,0,0,0
JNT Vare (2015-2017),-,,-,-,-,-,-,-,-,-,0,0,0,0
Shakib Al Hasan (2006-2017),60,1329,1509,73,4/15,20.67,6.80,18.2,3,0,1,1,1,1
Abdur Razzak (2006-2014),33,"728,4",838,44,4/16,19.04,6.88,16.5,1,0,1,1,1,1
Mashrafe Mortaza (2006-2017),53,1137,1527,42,4/19,36.35,8.04,27.1,1,0,1,0,0,0
Al-Amin Hossain (2013-2016),23,"475,2",592,39,3/20,15.17,7.46,12.2,0,0,0,0,0,0
Mustafizur Rahman (2015-2017),17,"391,2",403,27,5/22,14.92,6.16,14.5,1,1,0,0,0,0
Mahmudullah (2007-2017),41,"582,6",703,22,2/5,31.95,7.23,26.5,0,0,0,0,1,0
Rubel Hossain (2009-2017),15,"319,2",509,15,3/31,33.93,9.54,21.3,0,0,0,0,0,0
Arafat Sunny (2014-2016),10,186,230,12,2/17,19.16,7.41,15.5,0,0,0,0,0,0
Taskin Ahmed (2014-2017),15,297,370,10,2/32,37.00,7.42,29.9,0,0,0,0,0,0
Elias Sunny (2012-2012),7,138,146,9,5/13,16.22,6.34,15.3,0,1,0,0,0,0
Mohammad Ashraful (2007-2013),8,138,210,8,3/42,26.25,9.13,17.2,0,0,0,0,0,0
Shafiul Islam (2010-2017),12,"230,4",308,8,2/19,38.50,7.96,29.0,0,0,0,0,0,0
Nasir Hossain (2011-2016),11,177,262,7,2/26,37.42,8.78,25.5,0,0,0,0,0,0
Farhad Reza (2006-2014),11,156,261,6,2/34,43.50,10.03,26.0,0,0,0,0,0,0
Sabbir Rahman (2014-2017),8,"66,6",70,6,3/11,11.66,6.26,11.1,0,0,0,0,0,0
Shahadat Hossain (2006-2013),6,120,198,4,2/22,49.50,9.90,30.0,0,0,0,0,0,0
Sohag Gazi (2012-2015),10,210,299,4,1/28,74.75,8.54,52.5,0,0,0,0,0,0
Syed Rasel (2007-2008),8,174,202,4,1/10,50.50,6.96,43.5,0,0,0,0,0,0
Abu Hider (2016-2016),4,66,102,3,2/40,34.00,9.27,22.0,0,0,0,0,0,0
Mohammad Saifuddin (2017-2017),4,72,120,3,2/53,40.00,10.00,24.0,0,0,0,0,0,0
Naeem Islam (2008-2013),6,90,122,3,2/32,40.66,8.13,30.0,0,0,0,0,0,0
Ziaur Rahman (2012-2014),7,"73,8",127,3,1/16,42.33,10.16,25.0,0,0,0,0,0,0
Abul Hasan (2012-2012),4,66,108,2,2/33,54.00,9.81,33.0,0,0,0,0,0,0
Alok Kapali (2007-2011),2,30,35,2,2/12,17.50,7.00,15.0,0,0,0,0,0,0
Jubair Hossain (2015-2015),1,12,20,2,2/20,10.00,10.00,6.0,0,0,0,0,0,0
Mehidy Hasan Miraz (2017-2017),3,60,92,2,2/31,46.00,9.20,30.0,0,0,0,0,0,0
Mosaddek Hossain (2016-2017),5,"62,4",75,2,1/22,37.50,7.03,32.0,0,0,0,0,0,0
Shuvagata Hom (2016-2016),4,66,71,2,1/18,35.50,6.45,33.0,0,0,0,0,0,0
Mohammad Rafique (2006-2006),1,24,22,1,1/22,22.00,5.50,24.0,0,0,0,0,0,0
Mohammad Shahid (2016-2016),1,18,32,1,1/32,32.00,10.66,18.0,0,0,0,0,0,0
Nazmul Hossain (2009-2012),4,42,67,1,1/15,67.00,9.57,42.0,0,0,0,0,0,0
Aftab Ahmed (2006-2010),1,"1,2",8,0,-,-,24.00,-,0,0,0,0,0,0
Mehrab Hossain jnr (2008-2009),1,15,20,0,-,-,7.05,-,0,0,0,0,0,0
Mominul Haque (2012-2014),2,18,32,0,-,-,10.66,-,0,0,0,0,0,0
Muktar Ali (2016-2016),1,12,17,0,-,-,8.50,-,0,0,0,0,0,0
Robiul Islam (2013-2013),1,6,13,0,-,-,13.00,-,0,0,0,0,0,0
Sajedul Islam (2013-2013),1,6,15,0,-,-,15.00,-,0,0,0,0,0,0
Saqlain Sajib (2016-2016),1,"19,8",40,0,-,-,11.42,-,0,0,0,0,0,0
Soumya Sarkar (2015-2017),3,18,49,0,-,-,16.33,-,0,0,0,0,0,0
Suhrawadi Shuvo (2010-2010),1,6,12,0,-,-,12.00,-,0,0,0,0,0,0
Anamul Haque (2012-2015),-,,-,-,-,-,-,-,-,-,0,0,0,0
Dhiman Ghosh (2008-2008),-,,-,-,-,-,-,-,-,-,0,0,0,0
Imrul Kayes (2010-2017),-,,-,-,-,-,-,-,-,-,0,0,0,0
Jahurul Islam (2010-2013),-,,-,-,-,-,-,-,-,-,0,0,0,0
Junaid Siddique (2007-2012),-,,-,-,-,-,-,-,-,-,0,0,0,0
Liton Das (2015-2017),-,,-,-,-,-,-,-,-,-,0,0,0,0
Mohammad Mithun (2014-2016),-,,-,-,-,-,-,-,-,-,0,0,0,0
Mushfiqur Rahim (2006-2017),-,,-,-,-,-,-,-,-,-,0,0,0,0
Nadif Chowdhury (2006-2007),-,,-,-,-,-,-,-,-,-,0,0,0,0
Nazimuddin (2007-2008),-,,-,-,-,-,-,-,-,-,0,0,0,0
Nazmus Sadat (2006-2006),-,,-,-,-,-,-,-,-,-,0,0,0,0
Nurul Hasan (2016-2017),-,,-,-,-,-,-,-,-,-,0,0,0,0
Raqibul Hasan (2008-2010),-,,-,-,-,-,-,-,-,-,0,0,0,0
Rony Talukdar (2015-2015),-,,-,-,-,-,-,-,-,-,0,0,0,0
Shahriar Nafees (2006-2006),-,,-,-,-,-,-,-,-,-,0,0,0,0
Shamsur Rahman (2013-2014),-,,-,-,-,-,-,-,-,-,0,0,0,0
Tamim Iqbal (2007-2017),-,,-,-,-,-,-,-,-,-,0,0,0,0
Amjad Javed (2014-2017),22,"445,2",560,33,3/12,16.96,7.53,13.5,0,0,0,0,0,0
Mohammad Naveed (2015-2017),22,"494,4",501,29,3/14,17.27,6.06,17.1,0,0,0,0,0,0
Rohan Mustafa (2014-2017),22,"362,4",436,19,3/9,22.94,7.18,19.1,0,0,0,0,0,0
Mohammad Shahzad (2015-2017),19,"288,6",411,13,3/34,31.61,8.53,22.2,0,0,0,0,0,0
Ahmed Raza (2014-2017),20,"421,2",462,12,2/18,38.50,6.56,35.1,0,0,0,0,0,0
Qadeer Ahmed (2015-2016),8,144,185,6,2/25,30.83,7.70,24.0,0,0,0,0,0,0
AM Guruge (2014-2015),5,96,125,5,2/18,25.00,7.81,19.2,0,0,0,0,0,0
Imran Haider (2016-2017),5,102,128,5,1/16,25.60,7.52,20.4,0,0,0,0,0,0
Farhan Ahmed (2016-2016),3,54,66,3,2/28,22.00,7.33,18.0,0,0,0,0,0,0
Zahoor Khan (2017-2017),3,60,70,3,2/27,23.33,7.00,20.0,0,0,0,0,0,0
Kamran Shazad (2014-2014),3,"50,4",77,2,2/19,38.50,8.88,26.0,0,0,0,0,0,0
Sharif Asadullah (2014-2014),1,18,21,2,2/21,10.50,7.00,9.0,0,0,0,0,0,0
EHSN Silva (2014-2014),2,42,58,2,1/20,29.00,8.28,21.0,0,0,0,0,0,0
Fayyaz Ahmed (2015-2015),1,18,29,1,1/29,29.00,9.66,18.0,0,0,0,0,0,0
Khurram Khan (2014-2014),1,6,8,1,1/8,8.00,8.00,6.0,0,0,0,0,0,0
Sultan Ahmed (2017-2017),2,36,38,1,1/12,38.00,6.33,36.0,0,0,0,0,0,0
Umair Ali (2015-2015),2,24,28,1,1/13,28.00,7.00,24.0,0,0,0,0,0,0
Zaheer Maqsood (2015-2016),3,54,80,1,1/29,80.00,8.88,54.0,0,0,0,0,0,0
Atif Ali Khan (2016-2016),1,24,43,0,-,-,10.75,-,0,0,0,0,0,0
Fahad Tariq (2016-2016),2,18,26,0,-,-,8.66,-,0,0,0,0,0,0
Mohammad Tauqir (2015-2015),3,42,55,0,-,-,7.85,-,0,0,0,0,0,0
Mohammed Qasim (2016-2017),1,6,8,0,-,-,8.00,-,0,0,0,0,0,0
Muhammed Shanil (2016-2016),1,24,49,0,-,-,12.25,-,0,0,0,0,0,0
Nasir Aziz (2015-2015),1,24,21,0,-,-,5.25,-,0,0,0,0,0,0
Abdul Shakoor (2015-2015),-,,-,-,-,-,-,-,-,-,0,0,0,0
Adnan Mufti (2017-2017),-,,-,-,-,-,-,-,-,-,0,0,0,0
Amjad Ali (2014-2015),-,,-,-,-,-,-,-,-,-,0,0,0,0
Amjad Gul (2015-2016),-,,-,-,-,-,-,-,-,-,0,0,0,0
Faizan Asif (2014-2015),-,,-,-,-,-,-,-,-,-,0,0,0,0
Ghulam Shabber (2016-2017),-,,-,-,-,-,-,-,-,-,0,0,0,0
Muhammad Kaleem (2016-2016),-,,-,-,-,-,-,-,-,-,0,0,0,0
Muhammad Usman (2016-2017),-,,-,-,-,-,-,-,-,-,0,0,0,0
SP Patil (2014-2016),-,,-,-,-,-,-,-,-,-,0,0,0,0
Rameez Shahzad (2016-2017),-,,-,-,-,-,-,-,-,-,0,0,0,0
Saqlain Haider (2016-2016),-,,-,-,-,-,-,-,-,-,0,0,0,0
Shaiman Anwar (2014-2017),-,,-,-,-,-,-,-,-,-,0,0,0,0
V Shetty (2014-2014),-,,-,-,-,-,-,-,-,-,0,0,0,0
L Sreekumar (2017-2017),-,,-,-,-,-,-,-,-,-,0,0,0,0
Usman Mushtaq (2016-2016),-,,-,-,-,-,-,-,-,-,0,0,0,0
"KJ O'Brien (2008-2017)",46,"835,8",998,54,4/45,18.48,7.15,15.5,1,0,1,1,1,1
GH Dockrell (2010-2017),42,"854,4",927,52,4/20,17.82,6.49,16.4,1,0,1,1,1,1
AR Cusack (2008-2015),33,606,714,35,4/11,20.40,7.06,17.3,3,0,0,1,1,1
DT Johnston (2008-2013),28,594,636,32,4/22,19.87,6.42,18.5,1,0,0,1,1,1
WB Rankin (2009-2017),24,498,513,27,3/16,19.00,6.18,18.4,0,0,0,0,0,0
MC Sorensen (2012-2016),22,390,471,26,3/17,18.11,7.24,15.0,0,0,0,0,0,0
AC Botha (2008-2010),10,204,184,21,3/14,8.76,5.41,9.7,0,0,0,0,0,0
AR McBrine (2014-2017),13,174,216,13,2/7,16.61,7.44,13.3,0,0,0,0,0,0
TJ Murtagh (2012-2016),14,"266,4",324,13,3/23,24.92,7.25,20.6,0,0,0,0,0,0
PR Stirling (2009-2017),22,354,413,13,3/21,31.76,7.00,27.2,0,0,0,0,0,0
J Mulder (2016-2017),8,174,192,12,4/16,16.00,6.62,14.5,1,0,0,0,0,0
PC Connell (2008-2010),8,"151,8",156,10,3/8,15.60,6.11,15.3,0,0,0,0,0,0
JF Mooney (2009-2015),10,156,176,10,2/7,17.60,6.76,15.6,0,0,0,0,0,0
CA Young (2015-2017),14,246,338,10,2/15,33.80,8.24,24.6,0,0,0,0,0,0
WK McCallan (2008-2009),7,129,152,8,2/26,19.00,6.96,16.3,0,0,0,0,0,0
TE Kane (2015-2015),3,"55,2",75,7,3/19,10.71,8.03,8.0,0,0,0,0,0,0
SR Thompson (2014-2017),12,"169,8",226,6,3/10,37.66,7.92,28.5,0,0,0,0,0,0
BJ McCarthy (2017-2017),2,48,102,4,4/33,25.50,12.75,12.0,1,0,0,0,0,0
RM West (2009-2009),5,114,142,3,1/23,47.33,7.47,38.0,0,0,0,0,0,0
AR White (2008-2012),1,24,18,2,2/18,9.00,4.50,12.0,0,0,0,0,0,0
J Anderson (2015-2015),1,6,13,0,-,-,13.00,-,0,0,0,0,0,0
PS Eaglestone (2010-2010),1,12,16,0,-,-,8.00,-,0,0,0,0,0,0
NG Jones (2010-2012),2,12,14,0,-,-,7.00,-,0,0,0,0,0,0
GE Kidd (2010-2010),1,18,32,0,-,-,10.66,-,0,0,0,0,0,0
J Little (2016-2017),2,"44,4",56,0,-,-,7.30,-,0,0,0,0,0,0
GJ McCarter (2015-2015),2,30,50,0,-,-,10.00,-,0,0,0,0,0,0
A Balbirnie (2015-2016),-,,-,-,-,-,-,-,-,-,0,0,0,0
JP Bray (2009-2009),-,,-,-,-,-,-,-,-,-,0,0,0,0
EC Joyce (2012-2014),-,,-,-,-,-,-,-,-,-,0,0,0,0
RD McCann (2012-2012),-,,-,-,-,-,-,-,-,-,0,0,0,0
"NJ O'Brien (2008-2016)",-,,-,-,-,-,-,-,-,-,0,0,0,0
WTS Porterfield (2008-2017),-,,-,-,-,-,-,-,-,-,0,0,0,0
AD Poynter (2012-2016),-,,-,-,-,-,-,-,-,-,0,0,0,0
SW Poynter (2015-2017),-,,-,-,-,-,-,-,-,-,0,0,0,0
DA Rankin (2015-2016),-,,-,-,-,-,-,-,-,-,0,0,0,0
JNK Shannon (2013-2016),-,,-,-,-,-,-,-,-,-,0,0,0,0
R Strydom (2008-2008),-,,-,-,-,-,-,-,-,-,0,0,0,0
SP Terry (2016-2016),-,,-,-,-,-,-,-,-,-,0,0,0,0
GJ Thompson (2016-2017),-,,-,-,-,-,-,-,-,-,0,0,0,0
L Tucker (2016-2017),-,,-,-,-,-,-,-,-,-,0,0,0,0
GC Wilson (2008-2017),-,,-,-,-,-,-,-,-,-,0,0,0,0
RM Haq (2007-2013),20,450,472,28,3/20,16.85,6.29,16.0,0,0,0,0,0,0
SM Sharif (2012-2017),23,"458,4",610,28,4/24,21.78,7.95,16.4,1,0,0,0,0,0
MRJ Watt (2015-2017),16,354,439,19,5/27,23.10,7.44,18.6,0,1,0,0,0,0
GD Drummond (2008-2013),17,330,381,16,3/20,23.81,6.92,20.6,0,0,0,0,0,0
RD Berrington (2008-2017),20,"253,2",305,14,3/22,21.78,7.20,18.1,0,0,0,0,0,0
JH Davey (2012-2017),13,"296,4",422,14,4/34,30.14,8.49,21.2,1,0,0,0,0,0
AC Evans (2015-2016),9,210,225,14,5/24,16.07,6.42,15.0,0,1,0,0,0,0
MA Leask (2013-2017),9,186,217,12,3/20,18.08,7.00,15.5,0,0,0,0,0,0
JD Nel (2007-2010),9,186,169,12,3/10,14.08,5.45,15.5,0,0,0,0,0,0
I Wardlaw (2013-2013),4,96,145,9,3/40,16.11,9.06,10.6,0,0,0,0,0,0
CD de Lange (2015-2017),7,162,171,8,2/17,21.37,6.33,20.2,0,0,0,0,0,0
G Goudie (2010-2013),9,147,224,7,3/22,32.00,9.02,21.2,0,0,0,0,0,0
JAR Blain (2007-2008),5,120,108,6,2/23,18.00,5.40,20.0,0,0,0,0,0,0
NM Carter (2013-2013),7,156,168,6,2/27,28.00,6.46,26.0,0,0,0,0,0,0
KJ Coetzer (2008-2017),5,66,71,5,3/25,14.20,6.45,13.2,0,0,0,0,0,0
MW Machan (2013-2016),7,"133,8",156,5,3/23,31.20,6.93,27.0,0,0,0,0,0,0
RML Taylor (2013-2016),9,150,196,5,3/17,39.20,7.84,30.0,0,0,0,0,0,0
BTJ Wheal (2016-2017),5,"103,2",143,5,3/20,28.60,8.25,20.8,0,0,0,0,0,0
PL Mommsen (2012-2016),7,138,164,4,1/23,41.00,7.13,34.5,0,0,0,0,0,0
CM Wright (2007-2009),2,30,49,4,3/29,12.25,9.80,7.5,0,0,0,0,0,0
CG Burnett (2013-2013),1,24,18,3,3/18,6.00,4.50,8.0,0,0,0,0,0,0
JH Stander (2009-2012),7,"79,8",156,3,2/24,52.00,11.55,27.0,0,0,0,0,0,0
RR Watson (2007-2010),5,60,92,3,1/4,30.66,9.20,20.0,0,0,0,0,0,0
MM Iqbal (2012-2013),3,48,59,2,2/15,29.50,7.37,24.0,0,0,0,0,0,0
CS MacLeod (2009-2017),6,78,111,2,2/17,55.50,8.53,39.0,0,0,0,0,0,0
GI Maiden (2008-2008),3,60,58,2,1/20,29.00,5.80,30.0,0,0,0,0,0,0
GT Main (2015-2016),2,24,34,2,1/13,17.00,8.50,12.0,0,0,0,0,0,0
GA Rogers (2008-2009),2,45,67,2,2/15,33.50,8.55,23.5,0,0,0,0,0,0
RT Lyons (2010-2010),2,36,40,1,1/26,40.00,6.66,36.0,0,0,0,0,0,0
MA Parker (2012-2012),2,36,61,1,1/36,61.00,10.16,36.0,0,0,0,0,0,0
DR Brown (2007-2007),1,24,44,0,-,-,11.00,-,0,0,0,0,0,0
CB Sole (2017-2017),1,24,22,0,-,-,5.50,-,0,0,0,0,0,0
FRJ Coleman (2013-2013),-,,-,-,-,-,-,-,-,-,0,0,0,0
MH Cross (2013-2017),-,,-,-,-,-,-,-,-,-,0,0,0,0
R Flannigan (2012-2012),-,,-,-,-,-,-,-,-,-,0,0,0,0
GM Hamilton (2007-2010),-,,-,-,-,-,-,-,-,-,0,0,0,0
NFI McCallum (2007-2010),-,,-,-,-,-,-,-,-,-,0,0,0,0
HG Munsey (2015-2017),-,,-,-,-,-,-,-,-,-,0,0,0,0
D Murphy (2013-2013),-,,-,-,-,-,-,-,-,-,0,0,0,0
NS Poonia (2007-2010),-,,-,-,-,-,-,-,-,-,0,0,0,0
CJO Smith (2007-2009),-,,-,-,-,-,-,-,-,-,0,0,0,0
SJS Smith (2010-2012),-,,-,-,-,-,-,-,-,-,0,0,0,0
CD Wallace (2012-2017),-,,-,-,-,-,-,-,-,-,0,0,0,0
DF Watts (2007-2012),-,,-,-,-,-,-,-,-,-,0,0,0,0
Bilal Khan (N/A),15,330,400,21,4/20,19.04,7.27,15.7,1,0,0,0,0,0
Zeeshan Maqsood (N/A),11,228,266,10,3/22,26.60,7.00,22.8,0,0,0,0,0,0
Mehran Khan (N/A),9,168,197,9,3/18,21.88,7.03,18.6,0,0,0,0,0,0
M Ansari (N/A),10,225,334,8,3/37,41.75,8.82,28.3,0,0,0,0,0,0
Khawar Ali (N/A),12,"205,8",245,8,2/12,30.62,7.10,25.8,0,0,0,0,0,0
AV Lalcheta (N/A),13,"277,8",337,7,1/13,48.14,7.24,39.8,0,0,0,0,0,0
Aamir Kaleem (N/A),7,108,157,5,4/36,31.40,8.72,21.6,1,0,0,0,0,0
Mohammad Nadeem (N/A),6,102,127,4,2/24,31.75,7.47,25.5,0,0,0,0,0,0
Kaleemullah (N/A),4,84,91,3,2/23,30.33,6.50,28.0,0,0,0,0,0,0
RJ Ranpura (N/A),2,36,32,3,2/17,10.66,5.33,12.0,0,0,0,0,0,0
Amir Ali (N/A),5,54,67,1,1/6,67.00,7.44,54.0,0,0,0,0,0,0
Sufyan Mehmood (N/A),2,"25,8",30,1,1/22,30.00,6.66,27.0,0,0,0,0,0,0
Jatinder Singh (N/A),1,12,17,0,-,-,8.50,-,0,0,0,0,0,0
Adnan Ilyas (N/A),-,,-,-,-,-,-,-,-,-,0,0,0,0
Aqib Ilyas (N/A),-,,-,-,-,-,-,-,-,-,0,0,0,0
Khurram Nawaz (N/A),-,,-,-,-,-,-,-,-,-,0,0,0,0
Naseem Khushi (N/A),-,,-,-,-,-,-,-,-,-,0,0,0,0
A Poulose (N/A),-,,-,-,-,-,-,-,-,-,0,0,0,0
Sultan Ahmed (N/A),-,,-,-,-,-,-,-,-,-,0,0,0,0
VS Wategaonkar (N/A),-,,-,-,-,-,-,-,-,-,0,0,0,0
Zeeshan Siddiqui (N/A),-,,-,-,-,-,-,-,-,-,0,0,0,0
Mohammad Nabi (2010-2017),58,"1232,4",1487,59,4/10,25.20,7.23,20.9,3,0,1,1,1,1
Rashid Khan (2015-2017),27,612,603,42,5/3,14.35,5.91,14.5,0,1,1,1,1,1
Dawlat Zadran (2012-2017),33,720,953,39,4/44,24.43,7.94,18.4,1,0,0,1,1,1
Hamid Hassan (2010-2016),22,"476,4",523,32,4/22,16.34,6.56,14.9,1,0,0,0,0,0
Shapoor Zadran (2010-2017),32,597,761,31,2/9,24.54,7.62,19.3,0,0,0,1,1,1
Amir Hamza (2013-2017),31,636,716,29,3/39,24.68,6.75,21.9,0,0,0,1,1,1
Samiullah Shenwari (2010-2017),37,"620,4",660,28,5/13,23.57,6.36,22.2,1,1,0,1,1,1
Karim Sadiq (2010-2016),28,420,482,14,3/17,34.42,6.88,30.0,0,0,0,0,0,0
Mirwais Ashraf (2010-2016),22,"391,2",444,14,2/6,31.71,6.79,28.0,0,0,0,0,0,0
Karim Janat (2016-2017),11,222,313,12,3/24,26.08,8.45,18.5,0,0,0,0,0,0
Fareed Ahmad (2016-2017),7,156,193,11,3/35,17.54,7.42,14.1,0,0,0,0,0,0
Gulbadin Naib (2012-2017),19,228,352,8,2/24,44.00,9.26,28.5,0,0,0,0,0,0
Aftab Alam (2012-2016),7,135,199,7,2/23,28.42,8.71,19.5,0,0,0,0,0,0
Sayed Shirzad (2015-2016),3,66,74,7,3/16,10.57,6.72,9.4,0,0,0,0,0,0
Izatullah Dawlatzai (2012-2012),4,72,134,6,3/33,22.33,11.16,12.0,0,0,0,0,0,0
Rokhan Barakzai (2015-2015),3,60,75,6,2/21,12.50,7.50,10.0,0,0,0,0,0,0
Yamin Ahmadzai (2015-2015),2,"42,6",65,5,3/34,13.00,9.06,8.6,0,0,0,0,0,0
Nawroz Mangal (2010-2017),6,60,80,4,3/23,20.00,8.00,15.0,0,0,0,0,0,0
Sharafuddin Ashraf (2015-2015),4,84,119,3,3/27,39.66,8.50,28.0,0,0,0,0,0,0
Dawlat Ahmadzai (2010-2010),2,24,46,2,1/21,23.00,11.50,12.0,0,0,0,0,0,0
M Nasim Baras (2015-2015),3,48,56,2,1/11,28.00,7.00,24.0,0,0,0,0,0,0
Asghar Stanikzai (2010-2017),1,"2,4",4,1,1/4,4.00,6.00,4.0,0,0,0,0,0,0
Zamir Khan (2012-2012),1,24,26,1,1/26,26.00,6.50,24.0,0,0,0,0,0,0
Afsar Zazai (2013-2013),-,,-,-,-,-,-,-,-,-,0,0,0,0
Hashmatullah Shahidi (2013-2013),-,,-,-,-,-,-,-,-,-,0,0,0,0
Hazratullah (2016-2016),-,,-,-,-,-,-,-,-,-,0,0,0,0
Javed Ahmadi (2012-2017),-,,-,-,-,-,-,-,-,-,0,0,0,0
Mohammad Shahzad (2010-2017),-,,-,-,-,-,-,-,-,-,0,0,0,0
Najeeb Tarakai (2014-2017),-,,-,-,-,-,-,-,-,-,0,0,0,0
Najibullah Zadran (2012-2017),-,,-,-,-,-,-,-,-,-,0,0,0,0
Noor Ali Zadran (2010-2017),-,,-,-,-,-,-,-,-,-,0,0,0,0
Raees Ahmadzai (2010-2010),-,,-,-,-,-,-,-,-,-,0,0,0,0
Shabir Noori (2012-2012),-,,-,-,-,-,-,-,-,-,0,0,0,0
Shafiqullah (2010-2017),-,,-,-,-,-,-,-,-,-,0,0,0,0
Usman Ghani (2015-2017),-,,-,-,-,-,-,-,-,-,0,0,0,0
